"scientific","rec_gbif"
"Megaselia Rondani, 1856",3079
"Platygastridae",1650
"Stratiomyidae",1491
"Phoridae",1385
"Telenomus Haliday, 1833",1191
"Agallia basalis Oman, 1938",894
"Dohrniphora",833
"Eurysternus cayennensis Castelnau, 1840",814
"Apocephalus Coquillett, 1901",653
"Blastocera speciosa Gerstaecker, 1857",579
"Triteleia Kieffer, 1906",483
"Camponotus leydigi Forel, 1886",457
"Coniceromyia",369
"Blattodea",361
"Leptacis Förster, 1856",334
"Psilanteris Kieffer, 1916",333
"Erebidae",326
"Ectatomma lugens Emery, 1894",302
"Eurysternus caribaeus (Herbst, 1789)",302
"Idris Förster, 1856",294
"Crematogaster Lund, 1831",290
"Woodiphora Schmitz, 1926",284
"Calliscelio migma Chen & Johnson, 2017",276
"Formicidae",238
"Myriophora Brown, 1992",237
"Canthon Hoffmannsegg, 1817",236
"Pachycondyla crassinoda (Latreille, 1802)",231
"Probaryconus Kieffer, 1908",229
"Rhyncophoromyia Malloch, 1923",228
"Calliscelio Ashmead, 1893",218
"Acanthoscelio Ashmead, 1893",218
"Melaloncha kungae Brown, 2005",202
"Apodicrania Borgmeier, 1933",197
"Chironomidae",193
"Megalomyrmex leoninus Forel, 1885",190
"Pachycondyla stigma (Fabricius, 1804)",190
"Diptera",188
"Eidalimus Kertesz, 1914",188
"Gryon Haliday, 1833",180
"Chonocephalus Wandollek, 1898",178
"Scelio Latreille, 1805",176
"Trachymyrmex Forel, 1893",171
"Trimorus Förster, 1856",168
"Odontomachus haematodus (Linnaeus, 1758)",163
"Staphylinidae",160
"Diocophora Borgmeier, 1959",156
"Azteca Forel, 1878",155
"Xestocephalus Van Duzee, 1892",155
"Oxysternon conspicillatum (Weber, 1801)",152
"Ectatomma brunneum Smith, 1858",149
"Hoplandria Kraatz, 1857",141
"Ligyromyia columbiana Kertész, 1916",139
"Camponotus obreptivus Forel, 1899",138
"Ectatomma tuberculatum (Olivier, 1792)",135
"Pheidole gertrudae Forel, 1886",134
"Pseudacteon Coquillett, 1907",131
"Paratrechina Motschoulsky, 1863",126
"Camponotus trifasciatus Santschi, 1926",126
"Dohrniphora mixtura Brown & Kung, 2010",116
"Duta Nixon, 1933",113
"Eurysternus hypocrita Balthasar, 1939",113
"Chrysomya albiceps (Wiedemann, 1819)",112
"Dolichoderus bidens (Linnaeus, 1758)",112
"Saturniidae",103
"Menosoma elegans (Osborn, 1923)",100
"Lepidoptera",100
"Sepedophilus Gistel, 1856",98
"Hermetia flavipes Wiedemann, 1830",98
"Pachycondyla apicalis (Latreille, 1802)",95
"Pheidole susannae Forel, 1886",88
"Chiasmodolon Dietrich, 1990",85
"Hemiptera",85
"Pheidole Westwood, 1839",81
"Curtara curvita DeLong & Freytag, 1976",81
"Dolichoderus attelaboides (Fabricius, 1775)",80
"Puliciphora Dahl, 1897",77
"Ceraphronidae",77
"Cephalotes atratus (Linnaeus, 1758)",75
"Physoptera Borgmeier, 1958",75
"Apocephalus paraponerae Borgmeier, 1958",74
"Ramosulus hamatus Freytag, 2004",74
"Chalcididae",73
"Cremastobaeus Ashmead, 1893",72
"Cyphomyia Wiedemann, 1819",70
"Neopleurophora Brown, 1992",69
"Pheidole punctatissima Mayr, 1870",67
"Palaminus Erichson, 1839",65
"Camponotus coriolanus Forel, 1912",65
"Dohrniphora continua Brown & Kung, 2010",64
"Chromoteleia Ashmead, 1893",64
"Xenomerus Walker, 1836",63
"Hypoponera Santschi, 1938",62
"Xestocephalus desertorum (Berg, 1879)",62
"Calliscelio suni Chen & Johnson, 2017",61
"Solenopsis Westwood, 1840",61
"Xestocephalus quadripunctatus Linnavuori, 1955",59
"Dolichoderus bispinosus (Olivier, 1792)",59
"Lucilia eximia (Wiedemann, 1819)",58
"Pheidole tristicula Wilson, 2003",57
"Portanus chelatus DeLong, 1976",57
"Canthon fulgidus Redtenbacher, 1868",57
"Opisthacantha Ashmead, 1893",57
"Cyphomyia fascipes Walker, 1854",57
"Pheidole brandaoi",56
"Paralucilia Brauer & Bergenstamm, 1891",56
"Pseudomyrmex Lund, 1831",56
"Popanomyia Kertesz, 1909",55
"Acanthinomyia Hunter, 1901",55
"Baryconus Förster, 1856",55
"Ramosulus corrugipennis (Osborn, 1926)",55
"Dohrniphora buscki Malloch, 1912",53
"Calliscelio longius Chen & Johnson, 2017",52
"Camponotus Mayr, 1861",52
"Geometridae",52
"Arctiinae Lithosiini",51
"Synopeas Förster, 1856",50
"Camponotus sphenoidalis Mayr, 1870",50
"Ceratopogonidae",50
"Sarcophagidae",49
"Chromoteleia connectens Kieffer, 1910",48
"Neodohrniphora Malloch, 1914",47
"Pheidole simplex Wheeler",46
"Phymatopterella Brues, 1933",44
"Dactylodeictes Kertesz, 1914",44
"Labidus coecus (Latreille, 1802)",43
"Eurysternus foedus Guérin-Méneville, 1844",43
"Polana sana DeLong, 1979",42
"Notodontidae",42
"Platydema Laporte & Brullé, 1831",41
"Portanus facetus Kramer, 1961",41
"Dohrniphora ecitophila Borgmeier, 1960",41
"Holisus Erichson, 1839",40
"Dolichoderus ferrugineus Forel, 1903",40
"Tenagobia Bergroth, 1899",39
"Psychodidae",39
"Dohrniphora dispar Enderlein, 1912",39
"Pachycondyla constricta (Mayr, 1884)",39
"Portanus elegans Kramer, 1961",39
"Diapriidae",38
"Wasmannia auropunctata (Roger, 1863)",38
"Apocephalus trifidus Brown, 2000",38
"Calliscelio brachys Chen & Johnson, 2017",37
"Chalcidomorphina aurata Enderlein, 1914",37
"Dohrniphora berezovskiyi Brown & Kung, 2010",36
"Eurysternus squamosus Génier, 2009",35
"Oragua Melichar, 1926",35
"Fannia Robineau-Desvoidy, 1830",34
"Curculionidae",34
"Calliscelio brevitas Chen & Johnson, 2017",34
"Catagonalia lunata (Signoret, 1854)",33
"Acrulogonia lobata Freytag, 2005",33
"Neodohrniphora prolixa Brown, 2001",33
"Merosargus Loew, 1855",33
"Lebia Latreille, 1802",32
"Apocephalus dinoponerae Brown, 2000",32
"Pachycondyla obscuricornis Emery, 1890",32
"Neodohrniphora declinata Borgmeier, 1925",31
"Chloroprocta idioidea (Robineau-Desvoidy, 1830)",31
"Acromyrmex hystrix (Latreille, 1802)",30
"Pheidole amata Forel, 1901",30
"Scarabaeidae",30
"Paederina Bordoni, 1975",30
"Paralucilia paraensis (Mello, 1969)",29
"Tetradonia Wasmann, 1894",29
"Apocephalus laceyi Disney, 1981",29
"Conicera Meigen, 1830",28
"Nylanderia Emery, 1906",28
"Phalacrotophora Enderlein, 1912",28
"Darwiniphora",27
"Rhyncophoromyia maculineura Borgmeier, 1959",27
"Termitidae",27
"Xestocephalus dedecus DeLong, Wolda & Estribi, 1980",27
"Odontomachus brunneus (Patton, 1894)",27
"Anartia amathea (Linnaeus, 1758)",26
"Thoronella Masner, 1972",26
"Platygaster Latreille, 1809",26
"Dinoponera longipes Emery, 1901",26
"Mesembrinella batesi Aldrich, 1922",26
"Chalcidomorphina Enderlein, 1914",26
"Gnamptogenys alfaroi (Emery, 1894)",26
"Calliscelio laticinctus Ashmead, 1893",25
"Calliscelio eboris Chen & Johnson, 2017",25
"Oxysarcodexia fringidea (Curran & Walley, 1934)",25
"Chaetodus Westwood, 1845",25
"Fuminana superba (DeLong & Freytag, 1969)",25
"Deltochilum orbiculare Lansberge, 1874",25
"Eurysternus wittmerorum Martinez, 1988",24
"Dohrniphora divaricata (Aldrich, 1896)",24
"Pheidole jeannei Wilson, 2003",24
"Dohrniphora parvicarinata Brown & Kung, 2010",24
"Dolichoderus decollatus Smith, 1858",23
"Bryoporus Kraatz, 1857",23
"Trigona Jurine, 1807",23
"Ladoffa enochra Young Jr., 1977",23
"Gigantiops destructor (Fabricius, 1804)",23
"Xestocephalus irroratus Osborn, 1924",23
"Neodohrniphora arcuata Brown, 2001",22
"Chaetocnemistoptera Borgmeier, 1923",22
"Dohrniphora sinuicoxa Brown & Kung, 2010",22
"Artemita bicolor Kertész, 1914",22
"Beckerina Malloch, 1910",22
"Parascelio Dodd, 1920",22
"Atanygnathus Jakobson, 1909",22
"Belostoma Latreille, 1807",21
"Heteragrion demarmelsi Stand-Pérez, Bota-Sierra & Pérez-Gutiérrez, 2019",21
"Polana elera DeLong & Freytag, 1972",21
"Reduviidae",21
"Pheidole lutzi Forel, 1905",21
"Dinocercus Borgmeier, 1971",21
"Pedinocera longicornis Kertész, 1909",21
"Macroteleia Westwood, 1835",21
"Chrysomya megacephala (Fabricius, 1794)",20
"Dolichoderus rugosus (Smith, 1851)",20
"Apterostigma epinotale Weber, 1937",20
"Pheidole chrysops Wilson",20
"Chrysomelidae",20
"Cremersia Schmitz, 1924",20
"Dolichoderus Lund, 1831",19
"Carebara Westwood, 1840",19
"Cardioscarta quadrifasciata (Linnaeus, 1758)",19
"Laccophilus Leach, 1815",19
"Atherigona orientalis Schiner, 1868",19
"Hermetia Latreille, 1804",19
"Artemita aurata (Macquart, 1846)",19
"Soosiulus regalis Young Jr., 1977",19
"Apocephalus melinus Brown, 2000",19
"Derallus Sharp, 1882",18
"Dohrniphora lamellifera Borgmeier, 1961",18
"Octostruma pexidorsum Longino",18
"Mutillidae",18
"Chiasmodolon gracilis Freytag, 2006",18
"Culicoides",18
"Apocephalus brochus Brown, 2000",18
"Iphitrachelus Haliday, 1836",18
"Megasoma mars (Reiche, 1852)",18
"Cyphomyrmex rimosus (Spinola, 1851)",17
"Megalomyrmex caete Brandao, 1990",17
"Sceliomorpha longicornis Ashmead, 1893",17
"Sceliomorpha Ashmead, 1893",17
"Anartia jatrophae (Linnaeus, 1763)",17
"Paratachys Casey, 1918",17
"Camponotus femoratus (Fabricius, 1804)",17
"Buenoa Kirkaldy, 1904",17
"Noctuidae",17
"Polana desela DeLong, 1979",16
"Odontomachus Latreille, 1804",16
"Brasilocaenis Puthz, 1975",16
"Pseudohypocera kerteszi (Enderlein, 1912)",16
"Fuminana lira (DeLong & Freytag, 1969)",16
"Zyras Stephens, 1833",16
"Metopina Macquart, 1835",16
"Lutzomyia runoides (Fairchild & Hertig, 1953)",16
"Apocephalus asyndetus Brown, 2000",16
"Dohrniphora cootei Brown & Kung, 2007",16
"Soosiulus interpolis Young Jr., 1977",15
"Sphingidae",15
"Odontomachus hastatus (Fabricius, 1804)",15
"Hortensia similis (Walker, 1851)",15
"Acylophorus Nordmann, 1837",15
"Crematogaster brasiliensis Mayr, 1878",15
"Asthenopus Eaton, 1871",15
"Mayaponera Schmidt & Shattuck, 2014",15
"Styletta crocea Borgmeier, 1960",15
"Artemita amenides (Walker, 1849)",15
"Culicidae",15
"Acanthophorides Borgmeier, 1924",14
"Odontomachus bauri Emery, 1892",14
"Tetrataenia surinama (Linnaeus, 1764)",14
"Paraponera clavata (Fabricius, 1775)",14
"Pierella lucia Weymer, 1885",14
"Dohrniphora sulcatula Borgmeier, 1960",14
"Ephuta Say, 1836",14
"Acropyga exsanguis (Wheeler, 1909)",14
"Myriophora inaequalisetarum Hash & Brown, 2015",14
"Copididonus vittulatus (Berg, 1884)",14
"Sylvicanthon Halffter & Martinez, 1977",14
"Hedylidae",14
"Polana celsa DeLong & Freytag, 1972",14
"Aleochara Gravenhorst, 1802",14
"Erythrodiplax fusca Rambur, 1842",14
"Pachycondyla ferruginea (Smith, 1858)",14
"Euvelia Drake, 1957",14
"Apocephalus lyratus Borgmeier, 1971",14
"Synthesiomyia nudiseta (Wulp, 1883)",13
"Calotelea Westwood, 1837",13
"Pentatomidae",13
"Myriophora angustifascia Hash & Brown, 2015",13
"Pheidole jaculifera",13
"Pheidole alticola",13
"Uracis imbuta Burmeister, 1839",13
"Dactylodeictes brevifacies James, 1974",13
"Heterotermes tenuis (Hagen, 1858)",13
"Tettisama bisellata (Signoret, 1862)",12
"Mechanitis polymnia veritabilis Butler, 1873",12
"Neolindus Scheerpeltz, 1933",12
"Arctiidae",12
"Sceliomorpha carinata Kieffer, 1910",12
"Macrothemis Hagen, 1868",12
"Crematogaster limata Smith, 1858",12
"Polana resupina DeLong & Freytag, 1972",12
"Enallagma Charpentier, 1840",12
"Oecetis McLachlan, 1877",12
"Pseudomethoca Ashmead, 1896",12
"Oxysarcodexia amorosa (Schiner, 1868)",12
"Apocephalus roeschardae Brown, 2000",12
"Hemilucilia semidiaphana (Rondani, 1850)",12
"Phanaeus cambeforti Arnaud, 1982",12
"Oxysarcodexia Townsend, 1917",11
"Oethecoctonus Ashmead, 1893",11
"Haetera piera (Linnaeus, 1758)",11
"Erythrodiplax basalis Kirby, 1897",11
"Hydrocanthus Say, 1823",11
"Lutzomyia witoto Young & Morales, 1987",11
"Rogeria scobinata Kugler, 1994",11
"BOLD:ACR7071",11
"Tropisternus Solier, 1834",11
"Trissolcus Ashmead, 1893",11
"Pheidole umphreyi",11
"Pheidole sagax",11
"Martarega White, 1879",11
"Cochliomyia macellaria (Fabricius, 1775)",11
"Paridris aeneus (Ashmead, 1894)",11
"Apocephalus catholicus Brown, 2000",11
"Coproporus Kraatz, 1857",11
"Cosmariomyia Kertesz, 1914",11
"Dohrniphora utriensis Brown & Kung, 2007",11
"Dohrniphora uniplicata Brown & Kung, 2010",11
"Pachycondyla venusta (Forel, 1912)",11
"Dohrniphora selenis Brown & Kung, 2010",11
"Anopheles peryassui Dyar & Knab, 1908",11
"Atta cephalotes (Linnaeus, 1758)",10
"Pachycondyla Smith, 1858",10
"Alluaudomyia Kieffer, 1913",10
"Odontomachus caelatus Brown, 1976",10
"Scarabatermes amazonensis Howden, 1973",10
"Lordithon C.G.Thomson, 1859",10
"Paederomimus Sharp, 1885",10
"Gastrotrypes Brues, 1922",10
"Atta sexdens (Linnaeus, 1758)",10
"Pierella lamia Sulzer, 1776",10
"Myriophora reminatis Hash & Brown, 2015",10
"Pseudomyrmex gracilis (Fabricius, 1804)",10
"Piestus Gravenhorst, 1806",10
"Nylanderia fulva (Mayr, 1862)",10
"Diaphorostylus nasica (Williston, 1888)",10
"Ephuta trifida (Gerstäcker, 1874)",10
"Camponotus mocsaryi Forel, 1902",10
"Lispinus Erichson, 1839",10
"Apterostigma Mayr, 1865",10
"Miathyria marcella Selys, 1857",10
"Sericomyrmex bondari Borgmeier, 1937",10
"Adenophora Borgmeier, 1960",10
"Dohrniphora praedator Borgmeier & Prado, 1975",9
"Hydrotaea chalcogaster (Wiedemann, 1824)",9
"Oxysarcodexia conclausa (Walker, 1861)",9
"Callibaetis Eaton, 1881",9
"Libellulidae",9
"Melaloncha acicula Brown, 2006",9
"Abracris flavolineata (De Geer, 1773)",9
"Selenophorus Dejean, 1829",9
"Lepidoscelio Kieffer, 1905",9
"Pheidole chocoensis",9
"Cyphocephalus Borgmeier, 1967",9
"Dohrniphora anteroventralis Borgmeier, 1960",9
"Tranopelta gilva Mayr, 1866",9
"Soosiulus flammidulus (Jacobi, 1905)",9
"Macropophora trochlearis (Linnaeus, 1758)",9
"Zenithoptera americana Linnaeus, 1758",9
"Hyboptera Chaudoir, 1873",9
"Lodia parapectinata Nielson, 1988",9
"Dolichoderus shattucki MacKay, 1993",9
"Neocapritermes talpoides Araujo & Krishna, 1968",9
"Ontherus pubens Génier, 1996",9
"Philothalpus Kraatz, 1857",9
"Luteobalmus hamatus Freytag, 2006",9
"Philonthus Curtis, 1829",9
"Calliscelio flavicauda Chen & Johnson, 2017",9
"Melaloncha digitalis Borgmeier, 1959",9
"Carabidae",9
"Omura congrua Walker, 1870",9
"Amblyscarta binotata Young Jr., 1977",9
"Odontomachus scalptus Brown, 1978",9
"Soosiulus lunatus Young Jr., 1977",9
"Musca domestica Linnaeus, 1758",9
"Scelionidae",9
"Hymenoptera",9
"Lutzomyia aragaoi (Lima, 1932)",9
"Odontomachus meinerti Forel, 1905",9
"Anoplotermes meridianus Emerson, 1925",9
"Aturbina Lugo-Ortiz & McCafferty, 1996",9
"Pheidole biconstricta Mayr, 1870",8
"Dorymyrmex Mayr, 1866",8
"Hydrotaea aenescens (Wiedemann, 1830)",8
"Pheidole cataphracta",8
"Culex Linnaeus, 1758",8
"Sericomyrmex opacus Mayr, 1865",8
"Dichotomius Hope, 1838",8
"Strumigenys Smith, 1860",8
"Tricorythodes Ulmer, 1920",8
"Artemita argentea Osten Sacken, 1886",8
"Megalomyrmex pacova Brandao, 1990",8
"Pinophilus Gravenhorst, 1802",8
"Dilobopterus frenatus (Taschenberg, 1884)",8
"Acromyrmex nobilis Santschi, 1939",8
"Crematogaster sotobosque Longino, 2003",8
"Myrmosicarius Borgmeier, 1928",8
"Farrodes Peters, 1971",8
"Fannia pusio (Wiedemann, 1830)",8
"Parajalysus andinus Horvath, 1905",8
"Mazia amazonica (Bates, 1864)",8
"Berosus Leach, 1817",8
"Rogeria lirata Kugler, 1994",8
"BOLD:AAX7638",8
"Passalus epiphanoides Kuwert, 1891",8
"Dohrniphora atrilinea Brown & Kung, 2010",8
"Linepithema Mayr, 1866",8
"Dohrniphora bicostula Kung & Brown, 2005",8
"Peckia chrysostoma (Wiedemann, 1830)",8
"Peckia collusor (Curran & Walley, 1934)",8
"Apobaetis Day, 1955",8
"Coleoptera",8
"Jakrama taeniata Young Jr., 1977",8
"Ephuta depressa Mickel, 1952",8
"Erythrodiplax unimaculata Degeer, 1773",8
"Trichacis Förster, 1856",8
"Eurysternus confusus Jessop, 1985",8
"Daceton boltoni Azorsa & Sosa-Calvo",8
"Chromoteleia fuscicornis Kieffer, 1910",8
"Melaloncha Brues, 1904",8
"Hydrotaea Robineau-Desvoidy, 1830",8
"Dryas iulia (Fabricius, 1775)",8
"Hepialidae",8
"Cephalotes Latreille, 1802",8
"Acrididae",8
"Fidiobia Ashmead, 1894",7
"Myriophora lucigaster (Borgmeier, 1961)",7
"Daceton Perty, 1833",7
"Acanthinomyia elongata (Wiedemann, 1824)",7
"Caenis Stephens, 1835",7
"Elmas lescheni Ashe & Chatzimanolis, 2003",7
"Blepharidatta brasiliensis Wheeler, 1915",7
"Rogeria micromma Kempf, 1961",7
"Belonuchus Nordmann, 1837",7
"Morpho achilles (Linnaeus, 1758)",7
"Neocapritermes Holmgren, 1912",7
"Rustitermes boteroi Constantini, Castro & Scheffrahn, 2020",7
"Baetidae",7
"Sceliomorpha rufithorax Kieffer, 1910",7
"Pheidole rugiceps",7
"Pheidole perdiligens Wilson, 2003",7
"Pheidole pepo Wilson, 2003",7
"Apocephalus neivai Borgmeier, 1931",7
"Cerambycidae",7
"Ceratobaeus Ashmead, 1893",7
"Sericomyrmex parvulus Forel, 1912",7
"Pheidole flavens Roger, 1863",7
"Metanopedias Brues, 1910",7
"Acropyga Roger, 1862",7
"Chaoborus A.A.H.Lichtenstein, 1800",7
"Chiasmodolon exornatus Freytag, 2006",7
"Hermetia albitarsis Fabricius, 1805",7
"Erythemis peruviana Rambur, 1842",7
"Chrysomya putoria (Wiedemann, 1830)",7
"Jakrama krameri Young Jr., 1977",7
"Erythrogonia kokomona Medler, 1963",7
"Peckia lambens (Wiedemann, 1830)",7
"Leptogenys gaigei Wheeler, 1923",7
"Graphomya Robineau-Desvoidy, 1830",7
"Neoplea Esaki & China, 1928",7
"Dohrniphora foveolata Borgmeier, 1960",7
"Dohrniphora fundula Brown & Kung, 2010",7
"Tipulidae",7
"Marpesia chiron (Fabricius, 1775)",7
"Odontacolus Kieffer, 1910",7
"Panstrongylus geniculatus (Latreille, 1811)",7
"Gnamptogenys triangularis (Mayr, 1887)",7
"Dohrniphora longinoi Brown & Kung, 2010",7
"Nephepeltia Kirby, 1889",7
"Taeniaptera Macquart, 1835",7
"Melipona fuscopilosa Moure & Kerr, 1950",7
"Desmopachria Babington, 1841",7
"Cyphomyrmex Mayr, 1862",7
"Pachycondyla procidua Emery, 1890",7
"Myriophora pallida Hash & Brown, 2015",7
"Urania leilus Linnaeus, 1758",7
"Adrimus Bates, 1872",7
"Dytiscidae",6
"Panacris microdonta Kertész, 1908",6
"Neotrichia Morton, 1905",6
"Pheidole venatrix",6
"Brachida Mulsant & Rey, 1871",6
"Microvelia Westwood, 1834",6
"Muscidae",6
"Dohrniphora alvarengai Prado, 1976",6
"Blepharidatta Wheeler, 1915",6
"Elmidae",6
"Ectatomma permagnum Forel, 1908",6
"BOLD:AAB4838",6
"Nasutitermes ephratae (Holmgren, 1910)",6
"Miroculis Edmunds, 1963",6
"Oxytenidae",6
"Oxysternon silenus Castelnau, 1840",6
"Tranopelta Mayr, 1866",6
"Platydracus C.G.Thomson, 1858",6
"Dohrniphora circumflexa Borgmeier, 1960",6
"Vaninitermes ignotus Constantino, 1991",6
"Pachycondyla unidentata Mayr, 1862",6
"Acropyga goeldii Forel, 1893",6
"Oxysarcodexia fluminensis Lopes, 1946",6
"Mesovelia Mulsant & Rey, 1852",6
"Dettmeria Borgmeier, 1935",6
"Docalidia triangulata Nielson, 1982",6
"Phanaeus chalcomelas (Perty, 1830)",6
"Culicoides neoparaensis Tavares & Souza, 1978",6
"Erythrodiplax lativittata Borror, 1942",6
"Hetaerina Hagen, 1853",6
"Erotylidae",6
"Chaetohermetia apicalis Lindner, 1929",6
"Macugonalia moesta (Fabricius, 1803)",6
"Chiasmodolon cornutus Freytag, 2006",6
"Eurysternus hamaticollis Balthasar, 1939",6
"Megaselia crellini Disney, 2011",6
"Dohrniphora sinuicarina Brown & Kung, 2010",6
"Prionolopha serrata (Linnaeus, 1758)",6
"Hydrophilidae",6
"Dolichoderus mucronifer (Roger, 1862)",6
"Erythrodiplax umbrata Linnaeus, 1758",6
"Bdelyrus parvus Cook, 1998",6
"Marpesia crethon (Fabricius, 1776)",6
"Baeus Haliday, 1833",6
"Riodinidae",6
"Gnamptogenys Roger, 1863",6
"Pheidole lancifer",6
"Hypothyris semifulva (Salvin, 1869)",6
"Dohrniphora transversa Brown & Kung, 2007",6
"Germarostes Paulian, 1982",6
"Anopheles mattogrossensis Lutz & Neiva, 1911",6
"Chloronana pallenta DeLong & Freytag, 1964",6
"Calliscelio sfina Chen & Johnson, 2017",6
"Apocephalus cyathus Brown, 2002",6
"Portanus hasemani (Baker, 1923)",6
"Erythrodiplax attenuata Kirby, 1889",6
"Calliphoridae",5
"Cyphomyrmex castagnei MacKay & Baena, 1993",5
"Suphis Aubé, 1836",5
"Ladoffa obscurana Young Jr., 1977",5
"Callicore cynosura (Doubleday, 1847)",5
"Plateros Bourgeois, 1879",5
"Syntermes Holmgren, 1909",5
"Lampyridae",5
"Forcipomyia Meigen, 1818",5
"Lapitha Ashmead, 1893",5
"Orthoptera",5
"Stenolophus Dejean, 1821",5
"Erythemis Hagen, 1861",5
"Sericomyrmex saussurei Emery, 1894",5
"Cernotina Ross, 1938",5
"Apodicrania molinai Borgmeier, 1941",5
"Rhagovelia Mayr, 1865",5
"Dolichopodidae",5
"Ovatametra Kenaga, 1942",5
"Sericomyrmex diego Forel, 1912",5
"Scybalocanthon martinezi Silva & Valois, 2019",5
"Pheidole amazonica",5
"Micrathyria catenata Calvert, 1909",5
"Hylesia Hübner, 1820",5
"Lutzomyia França, 1924",5
"Erythemis vesiculosa Fabricius, 1775",5
"Helluobrochus Reichardt, 1974",5
"Scirtes Illiger, 1807",5
"Sciaridae",5
"Erythrodiplax Brauer, 1868",5
"Granastyochus elegantissimus (Tippmann, 1953)",5
"Hyposcada illinissa (Hewitson, 1852)",5
"Eurysternus gracilis Génier, 2009",5
"Carpelimus Leach, 1819",5
"Cithaerias aurorina Weymer, 1911",5
"Stichillus Enderlein, 1924",5
"Cithaerias pyritosa (Zikán, 1942)",5
"Megalomyrmex Forel, 1885",5
"Lutzomyia amazonensis (Root, 1934)",5
"Curtara retusa DeLong & Freytag, 1976",5
"Dryopidae",5
"Cylindrotermes flangiatus Mathews, 1977",5
"Jamesia globifera (Fabricius, 1801)",5
"Eciton lucanoides Emery, 1894",5
"Plociopterus Kraatz, 1857",5
"Phoebis argante larra (Fabricius, 1798)",5
"Oxyethira Eaton, 1873",5
"Apocephalus colombicus Brown, 1997",5
"Compsibidion maronicum (Thomson, 1867)",5
"Dohrniphora circularis Brown & Kung, 2007",5
"Neocapritermes pumilis Constantino, 1991",5
"Tramea Hagen, 1861",5
"Enochrus C.G.Thomson, 1859",5
"Dohrniphora bicavatura Brown & Kung, 2010",5
"Bdelyrus howdeni Cook, 1998",5
"Passalus convexus Dalman, 1817",5
"Apocephalus facettalis Borgmeier, 1961",5
"Lasiocampidae",5
"Dohrniphora flexicarina Brown & Kung, 2010",5
"Copididonus hyalinipennis (Stål, 1854)",5
"Rogeria Emery, 1923",5
"Coprophanaeus telamon (Erichson, 1847)",5
"Tithorea harmonia (Cramer, 1779)",5
"Rhabdodryas trite trite",5
"Paratrachymyrmex Solomon, Rabeling, Sosa-Calvo & Schultz, 2019",5
"Dohrniphora ignobilis Borgmeier, 1960",5
"Stagmatoptera binotata Scudder, 1869",5
"Pseudophasmatidae",5
"Dohrniphora knabi Malloch, 1912",5
"Biocrypta Casey, 1905",5
"Cosmariomyia albarista James, 1980",5
"Cyrtophorina deinocerca Borgmeier & Prado, 1975",5
"Pierella lena Linnaeus, 1767",5
"Trophithauma Schmitz, 1925",5
"Cyphon Paykull, 1799",5
"Crematogaster carinata Mayr, 1862",5
"Nasutitermes Dudley, 1890",5
"Eciton dulcium Forel, 1912",5
"Tulcus paganus (Pascoe, 1859)",5
"Calliscelio amadoi Chen & Johnson, 2017",5
"Rheumatobates Bergroth, 1892",5
"Acrocinus longimanus (Linnaeus, 1758)",4
"Mayaponera constricta (Mayr, 1884)",4
"Macronema Pictet, 1836",4
"Fannia dodgei Seago, 1954",4
"Xestocephalus ancorifer Linnavuori, 1959",4
"Gerridae",4
"Limnichidae",4
"Leptophlebiidae",4
"Glyphidops coracinus Sepúlveda, Wolff & Carvalho, 2014",4
"Staphyliniae",4
"Gypona kjellanderi DeLong & Freytag, 1962",4
"Gypona uncinata DeLong, 1980",4
"Gyrinus Geoffroy, 1762",4
"Soosiulus servulus Melichar, 1932",4
"Hecalapona DeLong & Freytag, 1975",4
"Iphiclus Chevrolat, 1837",4
"Ichneumonidae",4
"Hypsioma lyca Dillon & Dillon, 1945",4
"Heliconius numata silvana",4
"Hypoponera distinguenda (Emery, 1890)",4
"Hylomyrma sagax Kempf, 1973",4
"Hylomyrma immanis Kempf, 1973",4
"Heraclides garleppi (Staudinger, 1892)",4
"Heraclides thoas (Linnaeus, 1771)",4
"Hermetia pulchra Wiedemann, 1830",4
"Hydraena Kugelann, 1794",4
"Heteronemiidae",4
"Hexacylloepus Hinton, 1940",4
"Hoplomutilla Ashmead, 1899",4
"Artemita hieroglyphica (Wiedemann, 1830)",4
"Smicridea McLachlan, 1871",4
"Aspasiola Chaudoir, 1877",4
"Sericomyrmex Mayr, 1865",4
"Selvitsa vermiculata Young Jr., 1977",4
"Scybalocanthon arnaudi Silva & Valois, 2019",4
"Scipopus Enderlein, 1922",4
"Baeotus deucalion (Felder, 1860)",4
"Scaris ultra DeLong & Freytag, 1969",4
"Xanthyris flaveolata (Linnaeus, 1758)",4
"Sargus Fabricius, 1798",4
"Adelomyrmex striatus Fernandez, 2003",4
"Adelopteromyia Schmitz, 1923",4
"Bia actorion Linnaeus, 1763",4
"Rhyncophoromyia trivittata Malloch, 1923",4
"Rheumatobates crassifemur Esaki, 1926",4
"Zyrastilbodes Scheerpeltz, 1962",4
"Pseudoponera stigma (Fabricius, 1804)",4
"Pseudomyrmex termitarius (Smith, 1855)",4
"Pseudomyrmex pictus (Stitz, 1913)",4
"Veturius unicornis Gravely, 1918",4
"BOLD:ADG0261",4
"Pseudoheptascelio rex Johnson & Musetti, 2011",4
"Portanus eburatus Kramer, 1964",4
"Brachyodina Lindner, 1949",4
"Planicephalus flavicosta (Stål, 1862)",4
"Pierella hyalinus Gmelin",4
"Philaethria dido (Linnaeus, 1763)",4
"Trineurocephala Schmitz, 1923",4
"Pheidole tennantae",4
"Agriocoris flavipes (Fabricius, 1803)",4
"Celina Aubé, 1837",4
"Pheidole paraensis",4
"Trigona pallens (Fabricius, 1798)",4
"Trigona amazonensis (Ducke, 1916)",4
"Pheidole christopherseni Forel, 1912",4
"Chiasmodolon bellus Freytag, 2006",4
"Pheidole asperithorax Emery",4
"Chlorida curta Thomson, 1857",4
"Phanuromyia Dodd, 1914",4
"Clavilispinus Bernhauer, 1926",4
"Periboeum pubescens (Olivier, 1790)",4
"Peckia intermutans (Walker, 1861)",4
"Paxillus camerani (Rosmini, 1902)",4
"Parides sesostris sesostris",4
"Coprophanaeus parvulus (Olsoufieff, 1924)",4
"Thraulodes Ulmer, 1920",4
"Crambidae",4
"Papilionidae",4
"Palingonalia hypera Freytag & Vargas-R, 2007",4
"Palame crassimana Bates, 1864",4
"Tholymis citrina Hagen, 1867",4
"Anochetus elegans Lattke, 1987",4
"Acontistoptera Brues, 1902",4
"Culicoides insinuatus Ortiz & León, 1954",4
"Curtara filana DeLong & Freytag, 1976",4
"Pachycondyla harpax (Fabricius, 1804)",4
"Cynipidae",4
"Cyphomyrmex faunulus Wheeler, 1925",4
"Cyrnellus Banks, 1913",4
"Dacnophora",4
"Anthicidae",4
"Oxysarcodexia adunca Lopes, 1975",4
"Orthemis Hagen, 1861",4
"Oreodera undulata Bates, 1861",4
"Diaethria clymena (Cramer, 1775)",4
"Dibelonetes R.F.Sahlberg, 1847",4
"Telebasis Selys, 1865",4
"Docalidia insolita Nielson, 1979",4
"Octostruma Forel, 1912",4
"Nyssodrysternum propinquum (Bates, 1864)",4
"Medon Stephens, 1833",4
"Dohrniphora biseriata Borgmeier, 1960",4
"Dohrniphora brevisimplex Brown & Kung, 2010",4
"Dohrniphora gravis Borgmeier & Prado, 1975",4
"Dohrniphora lacunosa Brown & Kung, 2007",4
"Notomicrus Sharp, 1882",4
"Dohrniphora minilobata Brown & Kung, 2010",4
"Dohrniphora oricilla Kung & Brown, 2005",4
"Nordus Blackwelder, 1952",4
"Dohrniphora phyzela Brown & Kung, 2010",4
"Nogueirapis Moure, 1953",4
"Nephepeltia phryne Perty, 1834",4
"Neoneura Selys, 1860",4
"Dolichoderus debilis Emery, 1890",4
"Dolichoderus imitator Emery, 1894",4
"Doliopria Kieffer, 1910",4
"Dynamine racidula Hewitson, 1852",4
"Neivamyrmex gibbatus Borgmeier, 1953",4
"Nectopsyche Mueller, 1879",4
"Myriophora spicaphora Hash & Brown, 2015",4
"Ecchaetomyia nigrovittata Lindner, 1949",4
"Stylocentrus ancora Perty, 1833",4
"Myriophora dolionatis Hash & Brown, 2015",4
"Mymaridae",4
"Mimoides pausanias (Hewitson, 1852)",4
"Ephuta abadia (Cresson, 1902)",4
"Ephuta subconica Mickel, 1952",4
"Micrauchenus lineola (Fabricius, 1787)",4
"Micrathyria Kirby, 1889",4
"Eresia clio (Linnaeus, 1758)",4
"Apocephalus portalensis Brown & LeBrun, 2010",4
"Erythemis haematogastra Burmeister, 1839",4
"Erythrodiplax anatoidea Borror, 1942",4
"Eucaerus LeConte, 1853",4
"Eumesembrinella randa (Walker, 1849)",4
"Anteos menippe (Hübner, 1818)",3
"Dohrniphora procera Borgmeier, 1960",3
"Gypona aglata Freytag, 2006",3
"Dohrniphora rachelae Disney, 1983",3
"Tetrigidae",3
"Cydnidae",3
"Cybister Curtis, 1827",3
"Latiborophaga Brown, 1992",3
"Anopheles",3
"Anochetus neglectus Emery, 1894",3
"Crematogaster nigropilosa Mayr, 1870",3
"Dohrniphora smithi Brown & Kung, 2007",3
"Anisoscelis foliaceus (Fabricius, 1803)",3
"Palingonalia subta Freytag & Vargas-R, 2007",3
"Crematogaster acuta Fabricius, 1804",3
"Anisopodus White, 1855",3
"Paragrallomyia thiemei (Enderlein, 1922)",3
"Coronigoniella elongata Freytag, 2008",3
"Coptodera chalcites Bates, 1869",3
"Parides aeneas (Linnaeus, 1758)",3
"Dohrniphora xiei Brown & Kung, 2007",3
"Megacyllene angulata (Fabricius, 1775)",3
"Parides lysander (Cramer, 1775)",3
"Passalus coniferus Eschscholtz, 1828",3
"Passalus interruptus (Linnaeus, 1758)",3
"Latusagallia nigricans (Uhler, 1895)",3
"Paulinia acuminata (De Geer, 1773)",3
"Colobothea plagiata Aurivillius, 1902",3
"Colliuris subdistincta (Chaudoir, 1863)",3
"Lebia bitaeniata Chevrolat, 1834",3
"Pentagonica flavipes (LeConte, 1853)",3
"Pentagonica scutellaris Chaudoir, 1877",3
"Cloeodes Traver, 1938",3
"Neogerris magnus (Kuitert, 1942)",3
"Perithemis Hagen, 1861",3
"Perrhybris lorena (Hewitson, 1852)",3
"Phanaeus bispinus Bates, 1868",3
"Chlorotettix minimus Baker, 1898",3
"Pheidole charazana",3
"Americabaetis Kluge, 1992",3
"Trigona amalthea (Olivier, 1789)",3
"Pheidole cuevasi",3
"Cepheuptychia cephus Fabricius, 1775",3
"Goniadera Perty, 1832",3
"Cephalotrigona zexmeniae (Cockerell, 1912)",3
"Xylergates elaineae Gilmour, 1962",3
"Dryadula phaetusa (Linnaeus, 1758)",3
"Cecidomyiidae",3
"Neodohrniphora dissita Brown, 2001",3
"Dryas iulia moderata (N.Riley, 1926)",3
"Pheidole scimitara",3
"Canthon quinquemaculatus Castelnau, 1840",3
"Canthon aequinoctialis Harold, 1868",3
"Cannaphila Kirby, 1889",3
"Neoclytus pusillus (Castelnau & Gory, 1841)",3
"Phoebis philea (Linnaeus, 1763)",3
"Campsurus Eaton, 1868",3
"Gnamptogenys lavra Lattke, 1863",3
"Pierella amalia Weymer, 1885",3
"Leptohyphidae",3
"Suphisellus Crotch, 1873",3
"Leptonema Guerin-Meneville, 1843",3
"Necalphus decoratus Monné & Magno, 1992",3
"Xylergates pulcher Lane, 1957",3
"Camponotus atriceps (Smith, 1858)",3
"Nasutitermes similis Emerson, 1935",3
"Pierella hortona (Hewitson, 1854)",3
"Pieriballia viardi (Boisduval, 1836)",3
"Calliscelio carinigena Chen & Johnson, 2017",3
"Ghinallelia Wygodzinsky, 1966",3
"Limnogonus aduncus Drake & Harris, 1933",3
"Callicore Hübner, 1819",3
"Platythyrea sinuata (Roger, 1860)",3
"Polana fina DeLong & Freytag, 1972",3
"Eciton hamatum (Fabricius, 1782)",3
"Megasoma Kirby, 1825",3
"Aedeomyia Theobald, 1901",3
"Eciton rapax Smith, 1855",3
"Prepona dexamenus dexamenus",3
"Prionopelta antillana Forel, 1909",3
"Pronoterus Sharp, 1882",3
"BOLD:ADO1095",3
"Pseudomyrmex vinneni (Forel, 1906)",3
"Adetus analis (Haldeman, 1847)",3
"Pseudophasma bispinosum (Redtenbacher, 1906)",3
"Ptilosphen Enderlein, 1922",3
"Euglossa mourei Dressler, 1982",3
"Pycnoscelus surinamensis (Linnaeus, 1758)",3
"Ranatra Fabricius, 1790",3
"Rasopone Schmidt & Shattuck, 2014",3
"BOLD:AAD6056",3
"Renda Blackwelder, 1952",3
"Elateridae",3
"Rhetus Swainson, 1829",3
"Myriophora alienipennis Hash & Brown, 2015",3
"Rhinostomus barbirostris (J.C.Fabricius, 1775)",3
"Rhodnius pictipes Stål, 1872",3
"BOLD:AAA3041",3
"Euglossa parvula Dressler, 1982",3
"Mycocepurus smithii (Forel, 1893)",3
"Blepharidatta fernandezi",3
"Wasmannia rochai Forel, 1912",3
"Riodina lysippus (Linnaeus, 1758)",3
"Rogeria belti Mann, 1922",3
"Batus barbicornis (Linnaeus, 1764)",3
"Encyrtidae",3
"Mormidea ypsilon (Fabricius, 1775)",3
"Enicocephalidae",3
"Battus crassus (Cramer, 1777)",3
"Sais rosalia promissa Weymer, 1884",3
"Aporesthus Bates, 1871",3
"Xanthopastis timais Cramer, 1782",3
"Stegoelmis Hinton, 1939",3
"Sargus thoracicus Macquart, 1834",3
"Barbatana confusa (DeLong & Freytag, 1969)",3
"Evansolidia liber (Walker, 1858)",3
"Sceliomorpha deplanata Kieffer, 1910",3
"Ephydridae",3
"Lycidae",3
"Micratopus Casey, 1914",3
"Lystra lanata (Linnaeus, 1758)",3
"Xenopygus Bernhauer, 1906",3
"Zirta hirticornis (Fabricius, 1798)",3
"Atrypanius scitulus (Germar, 1824)",3
"Asterope markii (Hewitson, 1857)",3
"Eurytides Hübner, 1821",3
"Aslamidium capense (Herbst, 1799)",3
"Siproeta stelenes Linnaeus, 1758",3
"Heterotermes Froggatt, 1897",3
"Humutermes krishnai Bourguignon & Roisin, 2016",3
"Erotylus Fabricius, 1775",3
"Hydrecotermes kawaii Bourguignon & Roisin, 2016",3
"Euryneura elegans Williston, 1888",3
"Mechanitis mazaeus mazaeus",3
"Hermeuptychia hermes Fabricius, 1775",3
"Hydrophilus Geoffroy, 1762",3
"Acropyga guianensis Weber, 1944",3
"Stenus Latreille, 1797",3
"Hylomyrma dolichops Kempf, 1973",3
"Hylomyrma praepotens Kempf, 1973",3
"Helicopis gnidus (Fabricius, 1787)",3
"Hypothyris ninonia (Hübner, 1806)",3
"Dohrniphora didyma Brown & Kung, 2007",3
"Apiomerus Hahn, 1831",3
"Nymphalidae",3
"Syntermes nanus Constantino, 1995",3
"Apocephalus apivorus Brown, 1996",3
"Syntermes spinosus (Latreille, 1804)",3
"Dohrniphora amacayavia Brown & Kung, 2010",3
"Syntomacris guttulosa Descamps & Amédégnato, 1971",3
"Nyssodrysternum efflictum (Bates, 1864)",3
"Dohrniphora fuscicoxa Borgmeier, 1923",3
"Insecta",3
"Nyssodrysternum Gilmour, 1960",3
"Ochetomyrmex neopolitus Fernández, 2003",3
"Dohrniphora inornata Brown & Kung, 2007",3
"Docalidia multidentata Nielson, 1982",3
"Hebrus Curtis, 1831",3
"Odonata",3
"Ischnura capreolus Hagen, 1861",3
"Oligotergus Bierig, 1937",3
"Ommata White, 1855",3
"Opades costipennis (Buquet, 1844)",3
"Dohrniphora matamatae Brown & Kung, 2010",3
"Gyretes Brullé, 1834",3
"Dione juno Cramer, 1779",3
"Oreodera glauca (Linnaeus, 1758)",3
"Gypona thoracica (Fabricius, 1803)",3
"Nordus simplex (Sharp, 1876)",3
"Desmiphora fasciculata (Olivier, 1792)",3
"Daridna subtangens Walker, 1858",3
"Dohrniphora parvipala Brown & Kung, 2010",3
"Mesonoterus Sharp, 1882",3
"Gypona cerea DeLong & Freytag, 1962",3
"Sarifer flavirameus Kirsch, 1871",2
"Acanthagrion Selys, 1876",2
"Acanthoderes Audinet-Serville, 1835",2
"Acromyrmex octospinosus (Reich, 1793)",2
"Acrotaphus franklini Gauld, 1991",2
"Aculomicrus Smetana, 1990",2
"Adelpha capucinus Walchs, 1775",2
"Adelpha cytherea (Linnaeus, 1758)",2
"Agallia repleta Van Duzee, 1907",2
"Agalliana puella Oman, 1938",2
"Agraulis vanillae (Linnaeus, 1758)",2
"Allochaeta Borgmeier, 1924",2
"Amanahyphes saguassu Salles & Molineri, 2006",2
"Ambrysus Stål, 1861",2
"Anacroneuria atrifrons Klapálek, 1922",2
"Anacroneuria Klapálek, 1909",2
"Anacroneuria yameo Stark & Sivec, 1998",2
"Anochetus mayri Emery, 1884",2
"Anoplotermes Müller, 1873",2
"Aphelinidae",2
"Aphelonotus Uhler, 1894",2
"Apocephalus crassilatus Brown, 2000",2
"Apocephalus flexiseta Brown, 2002",2
"Apocephalus praedator Borgmeier, 1971",2
"Apoica pallida (Olivier, 1791)",2
"Apterostigma auriculatum Wheeler, 1925",2
"Arawacus separata",2
"Argia Rambur, 1842",2
"Arocera aequinoxialis (Westwood, 1837)",2
"Arsenura albopicta Jordan, 1922",2
"Atta Fabricius, 1804",2
"Atta laevigata (Smith, 1858)",2
"Automeris Hübner, 1819",2
"Baetodes Needham & Murphy, 1924",2
"Baryssinus Bates, 1864",2
"Basiceros conjugans Brown, 1974",2
"Battus lycidas (Cramer, 1777)",2
"Battus polydamas (Linnaeus, 1758)",2
"Bdelyrus grandis Cook, 1998",2
"Bethylidae",2
"Bezzia Kieffer, 1899",2
"Blaberidae",2
"BOLD:AAE9124",2
"BOLD:AAF3842",2
"BOLD:AAK2455",2
"BOLD:ACA1060",2
"BOLD:ACE6250",2
"BOLD:ACS2525",2
"BOLD:ADN7190",2
"BOLD:ADN8803",2
"BOLD:ADO6224",2
"Brachymyrmex cordemoyi Forel, 1895",2
"Brachymyrmex myops Emery, 1906",2
"Brachymyrmex pictus Mayr, 1887",2
"Brachyvatus Zimmermann, 1919",2
"Calamiscus Borgmeier, 1960",2
"Calophaena Klug, 1821",2
"Calopteron Laporte, 1838",2
"Calospila emylius emylius",2
"Camarochilus Harris, 1930",2
"Camponotus improprius (Forel, 1879)",2
"Campylocia Needham & Murphy, 1924",2
"Cartea vitula (Hewitson, 1852)",2
"Catonephele numilia Cramer, 1779",2
"Centromyrmex brachycola (Roger, 1861)",2
"Cephalotes minutus (Fabricius, 1804)",2
"Cephalotes placidus (Smith, 1860)",2
"Cephalotes simillimus (Kempf, 1951)",2
"Cephalotes umbraculatus (Fabricius, 1804)",2
"Ceragenia bicornis (Fabricius, 1801)",2
"Chaetaspidia Borgmeier, 1961",2
"Chasmogenus Sharp, 1882",2
"Cheliomyrmex andicola Emery, 1894",2
"Chiasmodolon armatus Lozada, 2001",2
"Chiasmodolon dozeri Freytag, 2006",2
"Chiasmodolon latidens Freytag, 2006",2
"Chiasmodolon orthodens Freytag, 2006",2
"Cicadellidae",2
"Cillaeus Laporte de Castelnau, 1835",2
"Cissia penelope (Fabricius, 1775)",2
"Cithaerias phantoma Fassl, 1922",2
"Cithaerias pireta Cramer, 1782",2
"Colobothea appendiculata Aurivillius, 1902",2
"Compsibidion vanum (Thomson, 1867)",2
"Coniceromyia brachypoda Ament, Kung & Brown, 2020",2
"Coniceromyia browni Kung, 2009",2
"Coniceromyia hadrochaeta Ament, Kung & Brown, 2020",2
"Coptodera aeneorufa Bates, 1869",2
"Cornitermes snyderi Emerson, 1952",2
"Cornitermes Wasmann, 1897",2
"Crematogaster abstinens Forel, 1899",2
"Crematogaster minutissima Mayr, 1870",2
"Crematogaster tenuicula Forel, 1904",2
"Cryptobiina Bordoni, 1975",2
"Cryptobium Mannerheim, 1830",2
"Cryptocanthon peckorum Howden, 1973",2
"Cryptophora Borgmeier, 1935",2
"Culicoides debilipalpis Lutz, 1913",2
"Curtara concava DeLong & Freytag, 1976",2
"Cylindrotermes Holmgren, 1906",2
"Cylindrotermes parvignathus Emerson, 1949",2
"Cyphomyia picta Schiner, 1868",2
"Cyphomyia pulchella Gerstaecker, 1857",2
"Cyphomyrmex laevigatus Weber, 1938",2
"Cyrtobagous A.Hustache, 1929",2
"Daceton armigerum (Latreille, 1802)",2
"Dacnochilus J.L.LeConte, 1861",2
"Dahliphora Schmitz, 1923",2
"Danaus eresimus (Cramer)",2
"Dichotomius mamillatus (Felsche, 1901)",2
"Dichotomius quadrilobatus Chamorro, Lopera & Rossini, 2021",2
"Dinocoris Burmeister, 1835",2
"Diochus Erichson, 1839",2
"Docalidia setacea Nielson, 1986",2
"Docalidia takiyae Nielson, 2011",2
"Dohrniphora acanthiventris Brown & Kung, 2010",2
"Dohrniphora acarinata Brown & Kung, 2010",2
"Dohrniphora aprosmicta Brown & Kung, 2010",2
"Dohrniphora ardisia Brown & Kung, 2010",2
"Dohrniphora brunneifrons Brown & Kung, 2007",2
"Dohrniphora cognata Borgmeier, 1960",2
"Dohrniphora emmesta Brown & Kung, 2007",2
"Dohrniphora lugens Borgmeier, 1960",2
"Dohrniphora notoplicata Brown & Kung, 2010",2
"Dohrniphora paralobata Brown & Kung, 2007",2
"Dohrniphora sanmartinensis Brown & Kung, 2010",2
"Dohrniphora wilkinsoni Brown & Kung, 2007",2
"Dolichoderus doloniger (Roger, 1862)",2
"Dolichoderus laurae MacKay, 1993",2
"Dolichoderus lugens Emery, 1894",2
"Dolichoderus lutosus (Smith, 1858)",2
"Dolichoderus quadridenticulatus (Roger, 1862)",2
"Dolichoderus spurius Forel, 1903",2
"Dysanellus Bernhauer, 1911",2
"Dyscritobaeus Perkins, 1910",2
"Eciton burchellii (Westwood, 1842)",2
"Eciton drepanophorum Smith, 1858",2
"Eciton Latreille, 1804",2
"Ecitoptera Borgmeier & Schmitz, 1923",2
"Ectatomma Smith, 1858",2
"Edessa rufomarginata (De Geer, 1773)",2
"Embiratermes Fontes, 1985",2
"Erbessus grossus (Stål, 1863)",2
"Eresia nauplius (Linnaeus, 1758)",2
"Erythemis attala Selys, 1857",2
"Erythemis credula Hagen, 1861",2
"Estola Fairmaire & Germain, 1859",2
"Euchroma giganteum (Linnaeus, 1758)",2
"Euglossa prasina Dressler, 1982",2
"Euglossa rugilabris Moure, 1967",2
"Eumorpha vitis Linnaeus, 1758",2
"Euragallia albopunctata Oman, 1938",2
"Eurysternus vastiorum Martinez, 1988",2
"Eurytides dolicaon (Cramer, 1775)",2
"Euvelia advena Drake, 1957",2
"Fannia aburrae Durango & Ramírez-Mora, 2019",2
"Fannia porce Grisales, Wolff & Carvalho, 2012",2
"Forbestra proceris (Weymer, 1884)",2
"Ganyra phaloe (Godart, 1819)",2
"Gnomidolon rubricolor Bates, 1870",2
"Gomphidae",2
"Gryllidae",2
"Guajirolus Flowers, 1985",2
"Gypona hiata DeLong & Freytag, 1964",2
"Gypona rectara DeLong, 1980",2
"Gypona rena DeLong & Freytag, 1964",2
"Gypona viridirufa Walker, 1851",2
"Halictidae",2
"Hamadryas amphinome (Linnaeus, 1767)",2
"Hamadryas laodamia (Cramer, 1777)",2
"Haruspex lineolatus Bates, 1870",2
"Heliconius numata aurora",2
"Helicopis cupido (Linnaeus, 1758)",2
"Hemerodromia Meigen, 1822",2
"Heteragrion bariai De Marmels, 1989",2
"Heteragrion Selys, 1862",2
"Heterelmis Sharp, 1882",2
"Hispoleptis Baly, 1864",2
"Holcoponera Mayr, 1887",2
"Holopterina Borgmeier, 1928",2
"Holotrochus Erichson, 1839",2
"Hydrochus Leach, 1817",2
"Hydroptilidae",2
"Hylettus seniculus (Germar, 1824)",2
"Hypoleria famina Haensch, 1905",2
"Isolineocerus pusillus Freytag, 2008",2
"Isomerida albicollis (Castelnau, 1840)",2
"Junonia evarete Cramer, 1782",2
"Jupoata rufipennis (Gory, 1831)",2
"Laccodytes Régimbart, 1895",2
"Laparus doris doris",2
"Lebia testudinea (Chaudoir, 1871)",2
"Leptoteleia Kieffer, 1908",2
"Leptotrachelus Latreille, 1829",2
"Lepturges Bates, 1863",2
"Lithocharis Dejean, 1833",2
"Liturgusidae",2
"Lonomia descimoni Lemaire, 1971",2
"Lonomia Walker, 1855",2
"Lophomutilla Mickel, 1952",2
"Lutzomyia carrerai (Barretto, 1946)",2
"Lycomorphon Pic, 1922",2
"Mantodea",2
"Mapinguaritermes Rocha & Cancello, 2012",2
"Mechanitis mazaeus egaensis Bates, 1862",2
"Megalomyrmex foreli Emery, 1890",2
"Megaselia shadeae Hartop, 2014",2
"Melaloncha hyalinipennis Borgmeier, 1933",2
"Melanis electron (Fabricius, 1793)",2
"Menozziola Schmitz, 1927",2
"Mesene martha Schaus, 1902",2
"Metamorpha elissa (Hübner, 1819)",2
"Metapteron Bourgeois, 1905",2
"Miathyria Kirby, 1889",2
"Microcylloepus Hinton, 1935",2
"Microvelia longipes Uhler, 1894",2
"Montina fumosa (Stål, 1866)",2
"Morion cordatus Chaudoir, 1837",2
"Mortoniella Ulmer, 1906",2
"Mycetomoellerius Solomon, Rabeling, Sosa-Calvo & Schultz, 2019",2
"Myriophora gobaleti Hash & Brown, 2015",2
"Myriophora infirmata Hash & Brown, 2015",2
"Myrmicinae Lepeletier de Saint-Fargeau, 1835",2
"Myrmomyia Silvestri, 1911",2
"Myscelia capenas (Hewitson, 1857)",2
"Nacaeus Blackwelder, 1942",2
"Neivamyrmex Borgmeier, 1940",2
"Nemotarsus LeConte, 1853",2
"Neobia Masner & Huggert, 1989",2
"Neocapritermes talpa (Holmgren, 1906)",2
"Neocapritermes utiariti Araujo & Krishna, 1968",2
"Neodohrniphora pala Brown, 2001",2
"Neoelmis Musgrave, 1935",2
"Neoeutrypanus incertus (Bates, 1864)",2
"Neoneura confundens Wasscher & van 't Bosch, 2013",2
"Neoponera curvinodis",2
"Neostruma Brown, 1948",2
"Neralsia Cameron, 1883",2
"Neruda aoede (Hübner, 1816)",2
"Neruda metharme",2
"Nordus antennatus (Sharp, 1876)",2
"Noteridae",2
"Notonecta Linnaeus, 1758",2
"Nulapona ornata Freytag, 2013",2
"Nulapona petiolata Freytag, 2013",2
"Nyssodrysternum lineolatum (Bates, 1864)",2
"Ochthephilum Stephens, 1829",2
"Octostruma balzani (Emery, 1894)",2
"Ocyota Sharp, 1883",2
"Oedopeza leucostigma Bates, 1864",2
"Oleria Hübner, 1816",2
"Oleria onega epicharme (C.Felder, 1862)",2
"Oligomyrmex Mayr, 1867",2
"Oligonicella Giglio-Tos, 1915",2
"Oodinus Motschulsky, 1865",2
"Oragua gregoirei Young Jr., 1977",2
"Oreodera bituberculata Bates, 1861",2
"Oressinoma typhla Doubleday, 1849",2
"Orphnebius Motschulsky, 1858",2
"Orseta Masner & Huggert, 1989",2
"Orthemis schmidti Buchholz, 1950",2
"Otoglossa Chaudoir, 1873",2
"Oxystigma Selys, 1862",2
"Pachycondyla crenata (Roger, 1861)",2
"Pachycondyla fuscoatra (Roger, 1861)",2
"Pachycondyla villosa (Fabricius, 1804)",2
"Pachygronthidae",2
"Panacea prola (Doubleday, 1848)",2
"Panoploscelis specularis Beier, 1950",2
"Paracloeodes Day, 1955",2
"Pareuptychia ocirrhoe Fabricius, 1777",2
"Paridris dnophos Talamas, 2012",2
"Passalus bucki Luederwaldt, 1931",2
"Passalus pugionifer (Kuwert, 1891)",2
"Passalus rhodocanthopoides (Kuwert, 1891)",2
"Passalus variiphyllus (Kuwert, 1891)",2
"Peckia tridentata (Hall, 1937)",2
"Pelocoris Stål, 1876",2
"Periplaneta americana (Linnaeus, 1758)",2
"Periplaneta australasiae (Fabricius, 1775)",2
"Pertyella Mickel, 1952",2
"Phanerota Casey, 1906",2
"Phasmatidae",2
"Pheidole arhuaca Forel, 1901",2
"Pheidole davidsonae",2
"Pheidole pygmaea",2
"Pheidole veletis",2
"Pheropsophus Solier, 1833",2
"Phoebis argante (Fabricius, 1775)",2
"Phylloicus Mueller, 1880",2
"Poecilotylus Hennig, 1934",2
"Polana elabora DeLong & Freytag, 1972",2
"Ponanella ena DeLong & Freytag, 1969",2
"Prepona laertes laertes",2
"Prionopelta Mayr, 1866",2
"Protesilaus glaucolaus glaucolaus",2
"Protesilaus telesilaus (Felder & Felder, 1864)",2
"Protopolybia chartergoides (Gribodo, 1891)",2
"Pseudomyrmex tenuis (Fabricius, 1804)",2
"Pseudosphinx tetrio Linnaeus, 1771",2
"Pterodictya reticularis (Olivier, 1791)",2
"Pteronymia antisao (Bates, 1852)",2
"Quedius Casey, 1915",2
"Rhaphirhinus phosphorea (Linnaeus, 1758)",2
"Rhodnius robustus Larrousse, 1927",2
"Rogeria blanda (Smith, 1858)",2
"Sarcofahrtiopsis Hall, 1933",2
"Sargus fasciatus Fabricius, 1805",2
"Scaroidana fulvula Osborn, 1938",2
"Sceliphron Klug, 1801",2
"Schizopteridae",2
"Scirtidae",2
"Scybalocanthon sexspilotus (Guérin-Méneville, 1855)",2
"Selenophorus ruficollis (Putzeys, 1878)",2
"Sericomyrmex amabilis Wheeler, 1925",2
"Sesioctonus armandoi Briceno, 2003",2
"Setabis Stål, 1866",2
"Simopelta williamsi Wheeler, 1935",2
"Simulium",2
"Smithistruma Brown, 1948",2
"Soosiulus salutaris (Fowler, 1900)",2
"Spasalus crenatus (MacLeay, 1819)",2
"Stagmatoptera septentrionalis Saussure & Zehntner, 1894",2
"Stalolidia flangella Nielson, 2011",2
"Steinovelia virgata (Buchanan-White, 1879)",2
"Steirastoma breve (Sulzer, 1776)",2
"Stridulivelia Hungerford, 1929",2
"Synaptogobia Nieser & P.Chen, 2006",2
"Tabanidae",2
"Tabanus",2
"Tannea Blackwelder, 1952",2
"Telebasis digiticollis Calvert, 1902",2
"Telegonus Hübner, 1819",2
"Thysania agrippina Cramer, 1776",2
"Tiphodytes Bradley, 1900",2
"Toronaeus terebrans Bates, 1864",2
"Trachyderes succinctus (Linnaeus, 1758)",2
"Trachymyrmex saussurei (Forel, 1885)",2
"Traumatomutilla André, 1901",2
"Trestonia frontalis (Erichson, 1847)",2
"Trichopria Ashmead, 1893",2
"Trogoptera Herrich-Schäffer, 1856",2
"Typhlomyrmex Mayr, 1862",2
"Typophyllum mortuifolium Walker, 1870",2
"Ulmeritoides Traver, 1959",2
"Urbanus teleus (Hübner, 1821)",2
"Veturius sinuosus (Drapiez, 1820)",2
"Wadeura guianensis Weber, 1939",2
"Wasmannia Forel, 1893",2
"Wyeomyia Theobald, 1901",2
"Xenopygus pycnos Chatzimanolis, 2016",2
"Xestocephalus albopunctatus Linnavuori, 1959",2
"Xylergates lacteus Bates, 1864",2
"Xylergates picturatus Lane, 1957",2
"Mechanitis mazaeus Hewitson, 1860",1
"Eunogyra Westwood, 1851",1
"Mechanitis polymnia proceriformis Bryk, 1953",1
"Eunica veronica Bates, 1864",1
"Mecometopus wallacei (White, 1855)",1
"Eunica sophonisba Cramer, 1782",1
"Megachile simillima Smith, 1853",1
"Eumorpha triangulum Rothschild & Jordan, 1903",1
"Eulepidotis juncida Guenée, 1852",1
"Eulepidotis bourgaulti (Bar, 1875)",1
"Tapinoma Förster, 1850",1
"Megalomyrmex incisus Smith, 1947",1
"Eulampiacris leucoptera (Scudder, 1875)",1
"Euglossa viridifrons Dressler, 1982",1
"Megalopinus Eichelbaum, 1915",1
"Megalopyge hina (Dognin, 1911)",1
"Megalopyge lanata (Stoll, 1780)",1
"Megalopygidae",1
"Megaphloeus mucoreus (Klug, 1842)",1
"Euglossa stilbonota Dressler, 1982",1
"Megaselia luteicauda (Borgmeier, 1925)",1
"Megaselia miristigma Borgmeier, 1962",1
"Megaselia nudiventris (Wood, 1909)",1
"Euglossa retroviridis Dressler, 1982",1
"Megaselia scalaris (Loew, 1866)",1
"Taygetis andromeda Cramer, 1779",1
"Megasoma actaeon (Linnaeus, 1758)",1
"Euglossa laevicincta Dressler, 1982",1
"Euglossa ioprosopa Dressler, 1982",1
"Megastes spilosoma Felder",1
"Euglossa augaspis Dressler, 1982",1
"Eufriesea purpurata (Mocsáry, 1896)",1
"Melaloncha clandestina Brown, 2005",1
"Euetheola humilis (Burmeister, 1847)",1
"Melaloncha flavilata Brown, 2004",1
"Taygetis rufomarginata Staudinger, 1888",1
"Eueides vibilia (Latreille & Godart, 1819)",1
"Telchin Hübner, 1825",1
"Melanis electron pronostriga (Stichel, 1910)",1
"Melanophoxus brunneri Karny, 1907",1
"Melipona eburnea Friese, 1900",1
"Eueides lybia (Fabricius, 1775)",1
"Melipona Illiger, 1806",1
"Melipona illota Cockerell, 1919",1
"Membracis foliatafasciata (De Geer, 1773)",1
"Membracis mexicana Guérin-Méneville",1
"Memphis morvus (Fabricius, 1775)",1
"Euclystis recurva Walker, 1858",1
"Telchin licus (Drury, 1773)",1
"Meotachys Erwin, 1974",1
"Meronera Sharp, 1887",1
"Estoloides venezuelensis Breuning, 1942",1
"Estoloides alboscutellaris Breuning, 1943",1
"Acocopus verrucifer Stål, 1864",1
"Mesocordylus striatus G.C.Champion, 1910",1
"Essostruthella acatinga Martins & Galileo, 2004",1
"Mesoplia guedesii (Ducke, 1902)",1
"Mesopteron Bourgeois, 1905",1
"Esaguasu ocularis Galileo & Martins, 2007",1
"Antiteuchus rolstoni Engleman, 1976",1
"Erotylina Curran, 1944",1
"Acinocoris decoratus Brailovsky & Barrera, 1981",1
"Methone chrysomela (Butler, 1872)",1
"Eresia eunice (Hübner, 1807)",1
"Antirrhea hela Felder, 1862",1
"Epyris Westwood, 1832",1
"Micrathetis dasarada Druce, 1898",1
"Epirhyssa braconoides Porter, 1978",1
"Epiphlaeus Spinola, 1844",1
"Micrathyria tibialis Kirby, 1897",1
"Epigomphus Hagen, 1854",1
"Epicharis Klug, 1807",1
"Microchrysa Microchrysa",1
"Antipetalops colombianus Brailovsky, 2021-21",1
"Micropezidae",1
"Microselia Schmitz, 1934",1
"Microstigma rotundatum Selys, 1860",1
"Tenebrionidae",1
"Ephemeroptera",1
"Mictopsichia hubneriana (Stoll, 1791)",1
"Mimallonidae",1
"Mimoides ariarathes (Esper, 1788)",1
"Enyo ocypete Linnaeus, 1758",1
"Mioptachys Bates, 1882",1
"Entomacis Förster, 1856",1
"Mitripus Roston, 1978",1
"Molchina hopei (Perty, 1833)",1
"Monelata Förster, 1856",1
"Monista Sharp, 1876",1
"Montandonius Melin, 1929",1
"Termes Linnaeus, 1758",1
"Montina ruficornis (Fabricius, 1803)",1
"Anoreina triangularis (Martins & Galileo, 2005)",1
"Morion Latreille, 1810",1
"Endomychidae",1
"Moronopelios vespiformis Brailovsky, 1988",1
"Enchophora leae Bleuzen & Porion, 2004",1
"Morpho cisseis phanodemus",1
"Morpho menelaus (Linnaeus, 1758)",1
"Morpho menelaus occidentalis Felder, 1862",1
"Morpho perseus (Cramer, 1779)",1
"Morpho telemachus (Linnaeus, 1767)",1
"Tetracha Hope, 1838",1
"Emsleyfolium diasae Cadena-Castañeda, Mendes & Alves-Oliveira, 2016",1
"Empoasca Walsh, 1862",1
"Empididae",1
"Anoplotermes banksi Emerson, 1925",1
"Mycetophilidae",1
"Emesaya anduzei Wygodzinsky, 1945",1
"Mycotretus Lacordaire, 1842",1
"Myllaena audax Casey, 1911",1
"Myllaena Erichson, 1837",1
"Embiratermes latidens (Emerson & Banks, 1957)",1
"Myrcidris epicharis Ward, 1990",1
"Elga Ris, 1909",1
"Eleusis Laporte de Castelnau, 1835",1
"Elaphropus Motschulsky, 1839",1
"Ectatomma ruidum (Roger, 1860)",1
"Myriophora fuscidorsum Hash & Brown, 2015",1
"Myriophora gigantea Hash & Brown, 2015",1
"Tetramorium Mayr, 1855",1
"Ectatomma muticum Mayr, 1870",1
"Anopheles oswaldoi Peryassú, 1922",1
"Ectatomma edentatum Roger, 1863",1
"Myriophora luteitergum Hash & Brown, 2015",1
"Ecitophora Schmitz, 1916",1
"Eciton vagans (Olivier, 1792)",1
"Eburodacrys sulphureosignata (Erichson, 1847)",1
"Myriophora tenuis Hash & Brown, 2015",1
"Myrmeleontidae",1
"Anopheles costai Fonseca & Ramos, 1939",1
"Myrmicocrypta boliviana Weber, 1938",1
"Myrmicocrypta longinoda Weber, 1938",1
"Tettigoniidae",1
"Eburodacrys sexmaculata (Olivier, 1790)",1
"Anochetus Mayr, 1861",1
"Mysoria barcastus (Sepp, 1855)",1
"Myzomorphus quadripunctatus (Gray, 1831)",1
"Theope Moore, 1857",1
"Nadiacris nitidula (Bolívar, 1890)",1
"Nannotrigona schultzei (Friese, 1901)",1
"Napeogenes cyrianassa tunantina Bates, 1862",1
"Napeogenes inachia (Hewitson, 1855)",1
"Napeogenes inachia pharo (C.Felder, 1862)",1
"Napeogenes sylphis corena (Hewitson, 1861)",1
"Narcosius colossus granadensis (Möschler, 1879)",1
"Nasutitermes acangussu Fontes & Bandeira, 1979",1
"Eburodacrys rufispinis Bates, 1870",1
"Eburodacrys quadridens (Fabricius, 1801)",1
"Eacles barnesi Schaus, 1905",1
"Nealcidion adjunctum (Thomson, 1865)",1
"Nealcidion badium Monné & Delfino, 1986",1
"Nealcidion latipenne (Bates, 1863)",1
"Dyscinetus Harold, 1869",1
"Dyscinetus dubius (Olivier, 1789)",1
"Therinia transversaria Druce, 1887",1
"Neivamyrmex curvinotus Watkins, 1994",1
"Dynastes MacLeay, 1819",1
"Nematopus indus (Linnaeus, 1758)",1
"Thespidae",1
"Thisbe irenea belides Stichel, 1910",1
"Dynamine theseus Felder, 1861",1
"Dynamine erchia (Hewitson, 1852)",1
"Anochetus diegensis Forel, 1912",1
"Dynamine egaea Fabricius, 1775",1
"Thoracophorus Motschulsky, 1837",1
"Dynamine athemon (Linnaeus, 1758)",1
"Neocurtilla hexadactyla (Perty, 1832)",1
"Dryoctenes scrupulosus (Germar, 1824)",1
"Drycothaea angustifrons (Breuning, 1943)",1
"Dryas iulia iulia",1
"Dorymyrmex amazonicus Cuezzo & Guerrero, 2012",1
"Anochetus bispinosus (Smith, 1858)",1
"Dolichoderus varians Mann, 1916",1
"Anisopodus strigosus (Erichson, 1847)",1
"Acanthostichus quadratus Emery, 1895",1
"Neoeutrypanus nobilis (Bates, 1864)",1
"Dolichoderus lujae Santschi, 1923",1
"Neogerris Matsumura, 1913",1
"Neolimnius Hinton, 1939",1
"Dolichoderus inpai (Harada, 1987)",1
"Thysania zenobia Cramer",1
"Dolichoderus abruptus (Smith, 1858)",1
"Neophora frontalis Borgmeier, 1958",1
"Dohrniphora wangae Brown & Kung, 2007",1
"Dohrniphora ventralis Borgmeier & Prado, 1975",1
"Neoponera commutata (Roger, 1860)",1
"Timulla obtusata Mickel, 1937",1
"Neoponera Emery, 1901",1
"Neoponera rostrata (Emery, 1890)",1
"Neoponera striatinodis (Emery, 1890)",1
"Xiphiola cyanoptera (Gerstaecker, 1889)",1
"Dohrniphora transformata Schmitz, 1915",1
"Nephepeltia flavifrons Karsch, 1889",1
"Dohrniphora sinuosa Borgmeier, 1960",1
"Dohrniphora shannoni Borgmeier, 1961",1
"Tipula terminalis Wiedemann, 1830",1
"Anisopodus batesi Gilmour, 1965",1
"Titanacris humboldtii (Scudder, 1869)",1
"Neuraeschna Hagen, 1867",1
"Dohrniphora sarmientoi Brown & Kung, 2007",1
"Dohrniphora pyricornis Brues, 1944",1
"Nomamyrmex hartigii (Westwood, 1842)",1
"Anidrytus Gerstaecker, 1858",1
"Nordus batesi (Sharp, 1876)",1
"Dohrniphora pellicula Brown & Kung, 2010",1
"Dohrniphora paraguayana (Brues, 1907)",1
"Tomarus gyas Erichson, 1848",1
"Notocyrtus gibbus (Fabricius, 1803)",1
"Dohrniphora luteicincta Borgmeier, 1960",1
"Dohrniphora lobata Borgmeier, 1960",1
"Tomopterus tetraspilotus Magno, 1995",1
"Novantinoe peruviensis (Villiers, 1959)",1
"Nulapona acrita Freytag, 2013",1
"Nulapona calliota Freytag, 2013",1
"Nulapona clavata Freytag, 2013",1
"Acanthognathus Mayr, 1887",1
"Toropa melanogona (Walker, 1858)",1
"Dohrniphora incomitata Brown & Kung, 2007",1
"Dohrniphora fernandezi Brown & Kung, 2010",1
"Dohrniphora broadheadi Disney, 1983",1
"Nymphidium calyce Felder, 1862",1
"Nymphidium lilina Butler, 1870",1
"Nyssodrysternum caudatum (Bates, 1864)",1
"Nyssodrysternum conspicillare (Erichson, 1847)",1
"Nyssodrysternum conspicuum Monné, 1985",1
"Docalidia ventroelongata Nielson, 2011",1
"Docalidia turgida Nielson, 2011",1
"Acabyara aruama Napp & Martins, 2006",1
"Nyssodrysternum ocellatum (Bates, 1885)",1
"Docalidia permagna Nielson, 1982",1
"Docalidia oreillyi Nielson, 1979",1
"Trachymyrmex diversus Mann, 1916",1
"Octostruma amrishi (Makhan, 2007)",1
"Aneuthetochorus conjunctus Napp & Martins, 1984",1
"Docalidia mejdalanii Nielson, 2011",1
"Octostruma iheringi (Emery, 1888)",1
"Docalidia jonesi Nielson, 2011",1
"Abavus Enderlein, 1914",1
"Docalidia gracilis Nielson, 1979",1
"Docalidia filamenta Nielson, 1992",1
"Docalidia fastigata Nielson, 2011",1
"Docalidia dmitrievi Nielson, 2011",1
"Docalidia deitzi Nielson, 2011",1
"Odontomachus chelifer (Latreille, 1802)",1
"Docalidia curvatura Nielson, 2011",1
"Docalidia cornipes Nielson, 2011",1
"Docalidia cornicula Nielson, 2011",1
"Docalidia caudata Nielson, 2011",1
"Odontomachus opaciventris Forel, 1899",1
"Dissomphalus curvifoveatus Azevedo, 1999",1
"Odontomachus spissus Kempf, 1962",1
"Odontoptera carrenoi Signoret, 1849",1
"Dismorphia theucharila (Doubleday, 1848)",1
"Oecophoridae",1
"Oedopeza flavosparsa Monné, 1990",1
"Tramea calverti Muttkowski, 1910",1
"Oedopeza ocellator (Fabricius, 1801)",1
"Dismorphia thermesia (Godart, 1819)",1
"Ancylopoma punctigera Pascoe, 1871",1
"Oleria lerda (Haensch, 1909)",1
"Oleria onega (Hewitson, 1852)",1
"Anax Leach, 1815",1
"Anatya guttata Erichson, 1848",1
"Acanthoderes thoracica White, 1855",1
"Dismorphia Hübner, 1816",1
"Olivensa mimula Lane, 1965",1
"Omicron globicolle (Spinosa, 1841)",1
"Disjunctitermes insularis Scheffrahn, 2017",1
"Ommatides duodentis Hoey-Chamberlain & Weirauch, 2019",1
"Ommexechidae",1
"Omolabus megalomus Hamilton",1
"Dirphia fraterna C.Felder & R.Felder, 1874",1
"Onota Chaudoir, 1873",1
"Onota rutilans Chaudoir, 1873",1
"Ontherus diabolicus Génier, 1996",1
"Diploharpus Chaudoir, 1850",1
"Ooderella setosa",1
"Traumatomutilla angustata (Andre, 1906)",1
"Dione juno juno",1
"Diastatops Rambur, 1842",1
"Opsiphanes cassina Felder, 1862",1
"Opsiphanes quiteria phylas Fruhstorfer, 1912",1
"Ora Clark, 1865",1
"Traverhyphes Molineri, 2001",1
"Diapheromeridae",1
"Xylocopa ornata Smith, 1874",1
"Oreodera curvata Martins & Monné, 1993",1
"Dialodia bilongata Nielson, 2011",1
"Desutterella colombiana Souza-Dias, 2017",1
"Triaenodes McLachlan, 1865",1
"Anartia amathea amathea",1
"Xylocopa similis Smith, 1874",1
"Orthemis discolor Burmeister, 1839",1
"Desmiphora cirrosa Erichson, 1847",1
"Trichoptera",1
"Orthomegas cinnamomeus (Linnaeus, 1758)",1
"Derovatellus Sharp, 1882",1
"Othorene hodeva Druce, 1904",1
"Ambodina Sharp, 1883",1
"Dercylus Laporte, 1832",1
"Oxydia scriptipennaria",1
"Dentridactylus truncatus Baena-Bejarano & Heads, 2018",1
"Deltochilum streblopodum Silva, Louzada & Vaz-de-Mello, 2015",1
"Deltochilum carinatum (Westwood, 1837)",1
"Oxysarcodexia angrensis (Lopes, 1933)",1
"Dallasiellus americanus (Stål) Stal",1
"Dactylodeictes amazonicus (Kertész, 1914)",1
"Cyphomyrmex minutus Mayr, 1862",1
"Oxysarcodexia intona (Curran & Walley, 1934)",1
"Cyphomyrmex bicornis Forel, 1896",1
"Cyphomyia ecuadoriensis Enderlein, 1914",1
"Cyphomyia altifrons James, 1939",1
"Tricorythopsis rondoniensis (Dias, Cruz & Ferreira, 2009)",1
"Cylloepus Erichson, 1847",1
"Oxytenis Hübner",1
"Ozineus Bates, 1863",1
"Ozineus strigosus Bates, 1863",1
"Ozolais elongata Champion, 1886",1
"Cylindroxystus Bierig, 1943",1
"Pachycondyla bispinosa Smith, 1858",1
"Pachycondyla commutata (Roger, 1860)",1
"Cylindrostethus Fieber, 1861",1
"Cylindronotum Putzeys, 1845",1
"Tridactylidae",1
"Cyclocephala verticalis Burmeister, 1847",1
"Amarynthis meneria (Cramer, 1776)",1
"Cyclocephala mannheimsi Endrödi, 1964",1
"Pachycondyla holmgreni (Wheeler, 1925)",1
"Pachycondyla impressa (Roger, 1861)",1
"Pachycondyla magnifica Borgmeier, 1929",1
"Cyclocephala colasi Endrödi, 1964",1
"Cyclocephala castanea (Olivier, 1789)",1
"Curtara cruciata DeLong & Freytag, 1976",1
"Culicoides caprilesi Fox, 1952",1
"Ctenipocoris Montandon, 1897",1
"Cryptaenota Johnson, 1992",1
"Alobevania gattiae Deans & Kawada, 2008",1
"Pachydrus Sharp, 1882",1
"Trigona chanchamayoensis Schwarz, 1948",1
"Pachylia syces Hübner",1
"Pachymeroceroides Carvalho & da Penha Gomes, 1971",1
"Pachyneurella Brues, 1903",1
"Criodion cinereum (Olivier, 1795)",1
"Crinodes bellatrix Stoll, 1781",1
"Crenitis Bedel, 1881",1
"Crematogaster snellingi",1
"Crematogaster longispina Emery, 1890",1
"Crematogaster flavosensitiva Longino, 2003",1
"Trigona dallatorreana Friese, 1900",1
"Panacris Gerstaecker, 1857",1
"Crematogaster crinosa Mayr, 1862",1
"Panolidia torquersi Nielson, 2011",1
"Trigona guianae Cockerell, 1912",1
"Crematogaster bryophilia",1
"Pantala Hagen, 1861",1
"Panthiades aeolus (Fabricius, 1775)",1
"Papilio torquatus Cramer, 1777",1
"Cremastogaster Mayr, 1861",1
"Pappognatha Mickel, 1939",1
"Aleuron chloroptera Perty",1
"Paracymus C.G.Thomson, 1867",1
"Paragrallomyia albibasis (Enderlein, 1922)",1
"Cossidae",1
"Corylophidae",1
"Corydalidae",1
"Cornitermes pugnax Emerson, 1925",1
"Parandra glabra (Degeer, 1774)",1
"Cornicapritermes mucronatus Emerson, 1950",1
"Parapoynx Hübner",1
"Corixidae",1
"Corethrella Coquillett, 1902",1
"Coquillettidia Dyar, 1905",1
"Paratrechina fulva (Mayr, 1862)",1
"Paratrechina longicornis (Latreille, 1802)",1
"Coptodera relucens Bates, 1869",1
"Paraxiphidium versicolor Redtenbacher, 1891",1
"Pareuptychia hesione (Sulzer, 1776)",1
"Pareuptychia metaleuca Boisduval, 1870",1
"Aleiodes Wesmael, 1838",1
"Copiphora gracilis Scudder, 1869",1
"Parides cutorina (Staudinger, 1898)",1
"Consul fabius (Cramer, 1779)",1
"Parides sesostris (Cramer, 1779)",1
"Constrictotermes cavifrons (Holmgren, 1910)",1
"Parides vertumnus vertumnus",1
"Coniceromyia valdesi Kung, 2009",1
"Agyrta porphyria Cramer, 1782",1
"Paridris Talamas, Masner & Johnson, 2013",1
"Parochlerus Breddin, 1904",1
"Passalus barrus Boucher & Reyes-Castillo, 1991",1
"Agrias sardanapalus Bates, 1860",1
"Coniceromyia parallela Ament, Kung & Brown, 2020",1
"Coniceromyia niemeyeri Ament, Kung & Brown, 2020",1
"Coniceromyia leia Ament, Kung & Brown, 2020",1
"Passalus glaberrimus Eschscholtz, 1828",1
"Coniceromyia dasypoda Ament, Kung & Brown, 2020",1
"Triphleba Rondani, 1856",1
"Triplocania furcatoides Gonzalez Obando, Carrejo Gironza & Garcia Aldrete, 2017",1
"Agrias claudina (Godart, 1824)",1
"Coniceromyia chrysopa Ament, Kung & Brown, 2020",1
"Coniceromyia amazonensis Ament, Kung & Brown, 2020",1
"Paxillus leachi MacLeay, 1819",1
"Colobura dirce Linnaeus, 1764",1
"Colobura annulata Willmott, Constantino & Hall, 2001",1
"Peckia epimelia (Lopes, 1938)",1
"Peckia ingens (Walker, 1849)",1
"Colobothea eximia Aurivillius, 1902",1
"Colliuris tetrastigma (Chaudoir, 1863)",1
"Peckia subducta (Lopes, 1935)",1
"Agaone notabilis (White, 1855)",1
"Pedaliodes plotina (Hewitson, 1861)",1
"Coleoxestia atrata (Gounelle, 1909)",1
"Pedinotus columbianus Enderlein, 1912",1
"Trogidae",1
"Pelonomus Erichson, 1847",1
"Pentacomia egregia (Chaudoir, 1835)",1
"Coleomegilla maculata maculata",1
"Pentagonica roedingeri Liebke, 1951",1
"Coelosis biloba (Linnaeus, 1767)",1
"Cochliomyia Townsend, 1915",1
"Pepsis purpurea Smith, 1873",1
"Cnemidophyllum tani Cadena-Castañeda, 2016",1
"Xylocopa simillima Smith, 1854",1
"Trophithauma portentum Schmitz, 1925",1
"Clivina Latreille, 1802",1
"Perola Walker, 1855",1
"Peromyia Kieffer, 1894",1
"Citheronia phoronea Cramer, 1779",1
"Perrhybris pamela (Stoll, 1780)",1
"Aegithus monochrous Lacordaire, 1842",1
"Peruviogomphus Klots, 1944",1
"Cissia terrestris (Butler, 1867)",1
"Cissia Doubleday, 1848",1
"Chrysoprasis abyara Napp & Martins, 1998",1
"Chrysodina Baly, 1864",1
"Tropidacris cristata (Linnaeus, 1758)",1
"Phanocerus Sharp, 1882",1
"Choeradodis stalii Wood-Mason, 1880",1
"Tropidorhinella onorei Carvalho & Webb, 2004",1
"Chlorida festiva (Linnaeus, 1758)",1
"Chlorida fasciata Bates, 1870",1
"Chloreuptychia hewitsonii Butler, 1866",1
"Tropidozineus argutulus Monné, 1988",1
"Chloreuptychia Forster, 1964",1
"Pheidole astur Wilson, 2003",1
"Chloreuptychia arnea Fabricius, 1777",1
"Chloreuptychia agatha Butler, 1866",1
"Pheidole bulliceps",1
"Chilicola stenocephala Brooks & Michener, 1999",1
"Pheidole cataractae Wheeler, 1916",1
"Chiasmodolon ulcus Freytag, 2006",1
"Chiasmodolon lautus Freytag, 2006",1
"Chiasmodolon anchylus Freytag, 2008",1
"Chetone ithrana Butler, 1871",1
"Chalastinus egensis (White, 1855)",1
"Tropidozineus Monné & Martins, 1976",1
"Pheidole fissiceps Wilson, 2003",1
"Cerodirphia speciosa Cramer, 1777",1
"Cerodirphia siriae Brechlin & Meister, 2011",1
"Pheidole grex",1
"Pheidole horribilis",1
"Ceratusa Borgmeier, 1967",1
"Cephalotes ramiphilus (Forel, 1904)",1
"Pheidole laidlowi Mann",1
"Cephalotes manni (Kempf, 1951)",1
"Cephalotes cordatus (Smith, 1853)",1
"Pheidole melastomae",1
"Cephaloleia amba Staines, 2014",1
"Centris denudans Lepeletier, 1841",1
"Centris atriventris Mocsáry, 1896",1
"Catonephele salacia Hewitson, 1852",1
"Tropisternus collaris (Fabricius, 1775)",1
"Catonephele orites Stichel, 1898",1
"Catonephele acontius Linnaeus, 1771",1
"Catoblepia berecynthia (Cramer, 1777)",1
"Carystoides noseda (Hewitson, 1866)",1
"Carterica cincticornis Bates, 1865",1
"Cartea vitula tapajona (Bates, 1868)",1
"Carphina petulans (Kirsch, 1875)",1
"Carphina lignicolor (Bates, 1865)",1
"Aedes Meigen, 1818",1
"Carpelimus angulatus (Erichson, 1840)",1
"Carinoscapula bispinosa (Nielson, 1988)",1
"Tulcus distinctus (Dillon & Dillon, 1945)",1
"Canthon semiopacus Harold, 1868",1
"Cantharidae",1
"Philothalpus chotaenus Chatzimanolis & Ashe, 2005",1
"Canacidae",1
"Phocides thermus (Mabille, 1883)",1
"Aedes albopictus (Skuse, 1894)",1
"Camptonotus",1
"Campsurus zunigae Molineri & Salles, 2017",1
"Phoebis sennae (Linnaeus, 1758)",1
"Campsurus lucidus Needham & Murphy, 1924",1
"Phyllocycla Calvert, 1948",1
"Phyllogomphoides Belle, 1970",1
"Tulcus pallidus (Dillon & Dillon, 1945)",1
"Phyllotropis cingulata Germar",1
"Campsurus essequibo Traver, 1947",1
"Camponotus rufipes (Fabricius, 1775)",1
"Camponotus rapax (Fabricius, 1804)",1
"Pierella astyoche astyoche",1
"Camelobaetidius Demoulin, 1966",1
"Calospila lucianus lucianus",1
"Calomerella Masner & Huggert, 1989",1
"Calocladon Gorham, 1881",1
"Calliscelio punctatifrons Chen & Johnson, 2017",1
"Calliscelio minutia Chen & Johnson, 2017",1
"Piestopleura Förster, 1856",1
"Calliscarta ornata Freytag, 1988",1
"Pilielmis Hinton, 1971",1
"Pinophilinus Eichelbaum, 1908",1
"Calliscarta decora (Fabricius, 1803)",1
"Pintalia constellaris (Walker, 1858)",1
"Pirangoclytus latecinctus (Bates, 1870)",1
"Pirhosigma mearimense putumayense Giordani Soika, 1978",1
"Placusa Erichson, 1837",1
"Calliscarta acuta Freytag, 1988",1
"Calliclopius nigripes (Linnaeus, 1767)",1
"Callibia diana Stoll, 1813",1
"Caligo telamonius",1
"Caligo Hübner, 1819",1
"Calamiscus cryptopalpis Borgmeier, 1960",1
"Platyphora Gistel, 1857",1
"Platyprosopus Mannerheim, 1830",1
"Caenis amacayacu",1
"Plocamocera sericella Spinola, 1844",1
"Plocamocera Spinola, 1844",1
"Plochionus Dejean, 1821",1
"Brontostoma rubrum (Amyot & Serville, 1843)",1
"Plocoscelus Enderlein, 1922",1
"Ploiaria chilensis (Philippi, 1862)",1
"Podalia tympania (Druce, 1897)",1
"Podisus aenescens (Stål, 1860)",1
"Poeciloscarta cardinalis (Fabricius, 1803)",1
"Tyloderma frontale Wibmer, 1989",1
"Polana bohemani (Stål, 1864)",1
"Brasilycus do Nascimento & Bocáková, 2010",1
"Brasilianus Jakobson, 1924",1
"Polana diplota Freytag, 2007",1
"Typhlocybella minima Baker, 1903",1
"Brachypogon",1
"Brachymyrmex minutus Forel, 1893",1
"Polana ordinaria Freytag, 2007",1
"Polana quatara DeLong & Freytag, 1972",1
"Brachymyrmex Mayr, 1868",1
"Brachymyrmex goeldii Forel, 1912",1
"Polana scela DeLong & Freytag, 1972",1
"Polana tropica DeLong & Triplehorn, 1979",1
"Polana unca DeLong & Freytag, 1972",1
"Polistes pacificus Fabricius, 1804",1
"Polygrammodes elevata Fabricius, 1777",1
"Polyrhaphis angustata Buquet, 1853",1
"Polythrix auginus (Hewitson, 1867)",1
"Xystromutilla André, 1905",1
"Ponanella surcula DeLong & Bush, 1971",1
"Brachymyrmex cavernicola Wheeler, 1938",1
"Brachygastra smithii de Saussure, 1853",1
"Brachychara Sharp, 1883",1
"Brachycephaloptera Borgmeier, 1924",1
"Brachinus Weber, 1801",1
"Borgmeieriphora greigae Brown, 1993",1
"Portelmis Sanderson, 1953",1
"Pothea dichroa Stål, 1864",1
"Prepiella aurea Butler, 1875",1
"Bombus Latreille, 1802",1
"Prepona hewitsonius",1
"Zackfalinus agrammos Chatzimanolis, 2012",1
"Prepona pheridamas (Cramer, 1777)",1
"Bolidiana robusta Nielson, 2011",1
"BOLD:AEH7932",1
"Tyrinthia capillata Bates, 1866",1
"Priscilla hypsiomoides Thomson, 1864",1
"Pristaulacus tridentatus Smith, 2005",1
"BOLD:AEF4302",1
"Procitheronia fenestrata (Rothschild, 1907)",1
"Procryptocerus hylaeus Kempf, 1951",1
"Progomphus Selys, 1854",1
"BOLD:AEF4301",1
"Proscopiidae",1
"Proseicela egensis",1
"Proselandria Rohwer, 1912",1
"Tyrinthia paraba Martins & Galileo, 1991",1
"Protesilaus molops hetaerius (Rothschild & Jordan, 1906)",1
"Zaretis isidora (Cramer, 1779)",1
"Umbonia spinosa Fabricius",1
"Protopolybia exigua exigua",1
"Proxys albopunctulatus (Palisot, 1811)",1
"Psaironeura tenuissima Selys, 1886",1
"Psapharochrus longispinis (Bates, 1861)",1
"Psapharochrus pigmentatus (Bates, 1861)",1
"BOLD:ADO6166",1
"Pseudanteris Fouts, 1927",1
"Pseudanthonomus proton Clark, 1990",1
"Pseudaptinus Laporte, 1834",1
"Pseudocometes argutulus (Buquet, 1851)",1
"Pseudodirphia Bouvier, 1928",1
"Pseudodirphia pallida Walker, 1865",1
"BOLD:ADO4658",1
"Pseudoheptascelio Szabó, 1966",1
"BOLD:ADM2959",1
"Pseudomastax personata (Bolívar, 1881)",1
"BOLD:ACW7530",1
"Pseudomyrmex concolor (Smith, 1860)",1
"Pseudomyrmex elongatus (Mayr, 1870)",1
"BOLD:ACK9192",1
"Pseudomyrmex holmgreni (Wheeler, 1925)",1
"Pseudomyrmex laevivertex (Forel, 1906)",1
"BOLD:ACF3806",1
"Pseudomyrmex malignus (Wheeler, 1921)",1
"Pseudomyrmex niger (Donisthorpe, 1940)",1
"Pseudomyrmex oculatus (Smith, 1855)",1
"BOLD:ACF2400",1
"Pseudomyrmex rochai (Forel, 1912)",1
"Aedes aegypti (Linnaeus, 1762)",1
"Pseudomyrmex tenuissimus (Emery, 1906)",1
"BOLD:ACF2329",1
"BOLD:ACE8774",1
"BOLD:ACA0772",1
"BOLD:ABX5939",1
"Pseudopolybia difficilis (Ducke, 1905)",1
"BOLD:ABX5257",1
"Pseudoscada Godman & Salvin, 1879",1
"Urania Fabricius, 1807",1
"BOLD:ABX2893",1
"BOLD:AAV9866",1
"Ptecticus Loew, 1855",1
"Pterochroza ocellata (Linnaeus, 1758)",1
"Aedeomyia squamipennis (Lynch Arribálzaga, 1878)",1
"Uranotaenia Lynch Arribálzaga, 1891",1
"Ptilodactylidae",1
"Ptiloscola Michener, 1949",1
"BOLD:AAN1760",1
"BOLD:AAL4720",1
"BOLD:AAL4715",1
"Pyrisitia venusta (Boisduval, 1836)",1
"Zelus illotus Berg, 1879",1
"Quichuamyia aplanatantennae Brammer, 2005",1
"BOLD:AAL4713",1
"BOLD:AAL4582",1
"BOLD:AAL3193",1
"Rasopone lunaris (Emery, 1896)",1
"BOLD:AAH8838",1
"Ravinia Robineau-Desvoidy, 1863",1
"BOLD:AAE1033",1
"Remartinia Navás, 1911",1
"BOLD:AAC2953",1
"BOLD:AAC2245",1
"BOLD:AAB9809",1
"Rhantus Dejean, 1833",1
"Uroxys Westwood, 1842",1
"Rhetus periander (Cramer, 1777)",1
"BOLD:AAB9003",1
"BOLD:AAB8067",1
"BOLD:AAB2431",1
"Rhigus speciosus (Linnaeus, 1758)",1
"BOLD:AAA7869",1
"Rhipha Walker, 1854",1
"BOLD:AAA5083",1
"Rhodnius prolixus Stål, 1859",1
"Adinopsis Cameron, 1919",1
"Rhomboidederes minutus Napp & Martins, 1984",1
"Rhopalothrix Mayr, 1870",1
"BOLD:AAA3010",1
"Blabia bicuspis (Bates, 1866)",1
"Bisaltes buquetii Thomson, 1868",1
"Ricolla quadrispinosa (Linnaeus, 1767)",1
"Biribellus punctatus Galileo, 1987",1
"Biopyrellia bipuncta (Wiedemann, 1830)",1
"Biblis hyperia (Cramer, 1779)",1
"Vatesus Sharp, 1876",1
"Bemisia tuberculata Bondar, 1923",1
"Belyta Jurine, 1807",1
"Beltia napoensis Flowers, 2018",1
"Rogeria prominula",1
"Belostoma asiaticum (Mayr, 1863)",1
"Rothschildia erycina Shaw",1
"Rubeotermes jheringi (Holmgren, 1906)",1
"Runibia decorata (Dallas, 1851) Dallas, 1851",1
"Ruptitermes Mathews, 1977",1
"Battus belus varus",1
"Rutela Latreille, 1802",1
"Batesiana hilaris (Bates, 1871)",1
"Salpingidae",1
"Veliidae",1
"Basiceros singularis (Smith, 1858)",1
"Barytopus Chevrolat, 1837",1
"Veturius christiani Boucher, 1987",1
"Sargus pseudoptecticus James, 1982",1
"Barolineocerus spinosus Freytag, 2008",1
"Abananote abana",1
"Barnesia Grossbeck, 1910",1
"Scada zibia batesi",1
"Baridinae",1
"Barbatana sagula (DeLong & Freytag, 1969)",1
"Scaris caballa DeLong & Freytag, 1969",1
"Scaris marmorata (Spångberg, 1878)",1
"Barbatana lecta (DeLong & Freytag, 1969)",1
"Zelus nugax Stål, 1862",1
"Barbatana Freytag, 1989",1
"Baluba sharkeyi Nielson, 2011",1
"Baleja rufofasciata (Distant, 1879)",1
"Baleja marginula (Osborn, 1926)",1
"Axima sidi Arias-Penna, Pape & Krogmann, 2014",1
"Auxanommatidia Borgmeier, 1924",1
"Automolis Hübner, 1819",1
"Veturius transversus (Dalman, 1817)",1
"Schidax squammularia Hübner",1
"Schizoptera angularis",1
"Adetus cylindricus (Bates, 1866)",1
"Automeris midea Maassen & Weymer, 1886",1
"Sciomyzidae",1
"Automeris larra Walker, 1855",1
"Austrolimnius Carter & Zeck, 1929",1
"Zelus vespiformis Hart, 1987",1
"Scopaeus Erichson, 1839",1
"Augiades crinisus (Cramer, 1780)",1
"Atrypanius remissus (Erichson, 1847)",1
"Waltzoyphius McCafferty & Lugo-Ortiz, 1995",1
"Scymnus Kugelann, 1794",1
"Atrypanius conspersus (Germar, 1824)",1
"Adelpha mesentina Cramer, 1779",1
"Atlantitermes Fontes, 1979",1
"Semiotus ligneus (Linnaeus, 1767)",1
"Atanatolica Mosely, 1936",1
"Acanthagrion apicale Selys, 1876",1
"Asterope Hübner, 1819",1
"Sericomyrmex burchelli Forel, 1905",1
"Aspisoma physonotum (Gorham, 1884)",1
"Sericomyrmex lutzi Wheeler, 1916",1
"Asphaera discicollis Jacoby, 1905",1
"Sericomyrmex mayri Forel, 1912",1
"Aslamidium lepidum Staines, 2006",1
"Ascalaphidae",1
"Sericomyrmex saramama Ješovnik & Schultz, 2017",1
"Ascalapha odorata (Linnaeus, 1758)",1
"Sesioctonus ariasi Briceno, 2003",1
"Adelowalkeria Travassos, 1941",1
"Sesioctonus longinoi Sharkey & Briceno, 2005",1
"Adelotypa penthea (Cramer, 1777)",1
"Shannoniana Lane & Cerqueira, 1942",1
"Silvestritermes minutus (Emerson, 1925)",1
"Zethus binodis (Fabricius, 1793)",1
"Xanionotum Brues, 1902",1
"Siolius Balfour-Browne, 1969",1
"Articoelidia tumida Nielson, 1983",1
"Artemita nana (Bellardi, 1862)",1
"Smiliorachis Fairmaire, 1846",1
"Acuera menaca DeLong & Freytag, 1974",1
"Solenopsis geminata (Fabricius, 1804)",1
"Solenopsis indet",1
"Solenopsis virulens (Smith, 1858)",1
"Arotros Schaus, 1892",1
"Soosiulus decoris Young Jr., 1977",1
"Arocera apta (Walker, 1867)",1
"Aristathlus regalis Bergroth, 1913",1
"Argyria lacteella Fabricius, 1794",1
"Argyria Hübner, 1818",1
"Xanthopygus Kraatz, 1857",1
"Argyria centrifugens Dyar, 1914",1
"Sophista aristoteles (Westwood, 1852)",1
"Spasalus balachowskyi Reyes-Castillo, 1973",1
"Actinote pyrrha Fabricius, 1775",1
"Sphecidae",1
"Archaeoprepona meander meander",1
"Spicauda tanna (Evans, 1952)",1
"Archaeoprepona licomedes (Cramer, 1777)",1
"Stagmatoptera Burmeister, 1838",1
"Xenofrea nana Galileo & Martins, 2006",1
"Stalachtis euterpe (Linnaeus, 1758)",1
"Stalachtis Hübner, 1816",1
"Actinote",1
"Stalolidia paracingulata (Linnavuori, 1956)",1
"Stalolidia semiovata Nielson, 2011",1
"Stalolidia setacea Nielson, 2011",1
"Archaeoprepona demophoon (Hübner, 1806)",1
"Araecerus fasciculatus (C.DeGeer, 1775)",1
"Apoides Tsuneki, 1968",1
"Acrotaphus homeofranklini Pádua, 2020",1
"Zethus brasiliensis fuscatus R.Bohart & Stange, 1965",1
"Steirastoma coenosum Bates, 1862",1
"Steirodon rarospinulosum (Brunner von Wattenwyl, 1891)",1
"Stenocrates Burmeister, 1847",1
"Stenocrates latus Dechambre, 1979",1
"Stenognathus crenulatus Chaudoir, 1870",1
"Stenognathus platypterus Chaudoir, 1870",1
"Apocephalus stillatus Brown, 1997",1
"Apocephalus securis Brown, 1997",1
"Apocephalus rudiculus Brown, 1997",1
"Strategus fascinus Burmeister, 1847",1
"Apocephalus quadratus Brown, 1997",1
"Strephonota carteia (Hewitson, 1870)",1
"Stridulivelia ayacucho J.Polhemus & Spangler, 1995",1
"Acalophaena Sharp, 1886",1
"Stridulivelia raspa (Hungerford, 1929)",1
"Strumigenys denticulata Mayr, 1887",1
"Hiranetis braconiformis (Burmeister, 1835)",1
"Strumigenys longispinosa Brown, 1958",1
"Histeridae",1
"Historis acheronta (Fabricius, 1775)",1
"Historis odius (Fabricius, 1775)",1
"Historis odius dious Lamas, 1995",1
"Apocephalus parallelus Brown, 1997",1
"Hintonelmis Spangler, 1966",1
"Apocephalus kungae Brown, 2000",1
"Apocephalus funditus Brown, 2000",1
"Holotrochus laticollis Bernhauer, 1908",1
"Himantigera superba (Lindner, 1949)",1
"Hexatoma Latreille, 1809",1
"Horiola Fairmaire, 1847",1
"Heterothops Stephens, 1829",1
"Heterotermes crinitus (Emerson, 1924)",1
"Hyalurga fenestra Linnaeus, 1758",1
"Heteragrionidae",1
"Hybotidae",1
"Heteragrion inca Calvert, 1909",1
"Heteragrion bickorum Daigle, 2005",1
"Hydrobius Leach, 1815",1
"Hermetia illucens (Linnaeus, 1758)",1
"Apocephalus fernandezi Brown, 2002",1
"Hydrometra Latreille, 1797",1
"Hermetia aurinotata Lindner, 1935",1
"Heraclides chiansiades (Westwood, 1872)",1
"Apocephalus extraneus Brown, 1997",1
"Heraclides astyalus hippomedon (C.Felder & R.Felder, 1859)",1
"Hemilomecopterus alienus Martins & Galileo, 2004",1
"Hemilissa cornuta Bates, 1870",1
"Hydrovatus Motschulsky, 1853",1
"Hemibidessus Zimmermann, 1921",1
"Hylesia melanostigma Herrich-Schäffer, 1855",1
"Hylettus coenobita (Erichson, 1847)",1
"Apocephalus crucicauda Borgmeier, 1928",1
"Hylobothynus obesus Ohaus, 1910",1
"Helvina lanuginosa (Bates, 1865)",1
"Helochares Mulsant, 1844",1
"Hylomyrma longiscapa Kempf, 1961",1
"Helluomorphoides unicolor (Brullé, 1838)",1
"Helluobrochus cribratus (Reiche, 1843)",1
"Hylophora Borgmeier, 1960",1
"Helicopsyche von Siebold, 1856",1
"Acropeltates diversicornis Kertész, 1923",1
"Hypoleria oriana (Hewitson, 1858)",1
"Hypoponera bugnioni (Forel, 1912)",1
"Heliconius xanthocles Bates, 1862",1
"Hypoponera opacior (Forel, 1893)",1
"Heliconius wallacei Reakirt, 1866",1
"Hyposcada clio (Cramer, 1780)",1
"Hyposcada Godman & Salvin, 1879",1
"Heliconius sara (Fabricius, 1793)",1
"Heliconius numatus (Cramer, 1780)",1
"Heliconius hecale novatus Bates, 1867",1
"Heliconius ethilla (Latreille & Godart, 1819)",1
"Heliconius erato reductimacula Bryk, 1953",1
"Ichthyobelus youngi Kramer, 1976",1
"Idiataphe Cowley, 1934",1
"Heliconius erato lativitta",1
"Heliconius erato extrema Kaye, 1918",1
"Heliconius erato (Linnaeus, 1758)",1
"Heliconius antiochus Linnaeus, 1767",1
"Isanthrene crabroniformis Staudinger, 1875",1
"Hanstruempelia Sakakibara, 2004",1
"Synargis pittheus (Hoffmannsegg, 1818)",1
"Synargis tytia (Cramer, 1777)",1
"Isosomodes Ashmead, 1888",1
"Isthmiade necydalea (Linnaeus, 1758)",1
"Jakrama eureta Young Jr., 1977",1
"Halysidota Hübner, 1819",1
"Jakrama servillei (Signoret, 1853)",1
"Hagiomantis Serville, 1839",1
"Jalorpa constricta Nielson, 2011",1
"Gyrophaena Mannerheim, 1830",1
"Johowia parvicornis Borgmeier, 1969",1
"Juditha molpe Hübner",1
"Synclita Lederer, 1863",1
"Syneura Brues, 1903",1
"Kempfidris inusualis (Fernandez, 2007) Fernández, Feitosa & Lattke, 2014",1
"Kiefferulus Goetghebuer, 1922",1
"Labidoculex Reichensperger, 1936",1
"Gyrelmis Hinton, 1940",1
"Apocephalus bilobus Brown, 1997",1
"Gypona villica DeLong & Freytag, 1964",1
"Gypona glauca (Fabricius, 1803)",1
"Gypona biura Freytag, 2006",1
"Lagocheirus plantaris plantaris",1
"Gypona bidentata Freytag, 2006",1
"Syntermes aculeosus Emerson, 1945",1
"Gynothemis Calvert, 1909",1
"Gryonoides Dodd, 1920",1
"Gryllotalpidae",1
"Graphocephala Van Duzee, 1916",1
"Gouleta gentryi Erwin, 1994",1
"Lebia brachinoides Reiche, 1842",1
"Gonatocerus arkadak Triapitsyn",1
"Apocephalus attophilus Borgmeier, 1928",1
"Lelis quadrisignata (Buquet, 1835)",1
"Gnamptogenys kempfi Lenko, 1964",1
"Gnamptogenys horni (Santschi, 1929)",1
"Glyptoma lescheni Irmler, 2015",1
"Leptoceridae",1
"Leptochirus Germar, 1823",1
"Glyphodes sibillalis Walker, 1859",1
"Leptogenys Roger, 1861",1
"Leptohyphes Eaton, 1882",1
"Glyphidops steyskali Sepúlveda, Wolff & Carvalho, 2014",1
"Glenopteris hampsoni Barbut, Lalanne-Cassou, Zilli & Thöny, 2020",1
"Ghilianella weirauchae Castro-Huertas & Forero, 2020",1
"Leptoscelis fasciifera Stål, 1865",1
"Leptostylus LeConte, 1852",1
"Leptostylus pleurostictus Bates, 1863",1
"Syntermes molestus (Burmeister, 1839)",1
"Aphylla Selys, 1854",1
"Aphrissa statira statira",1
"Leucidia brephos (Hübner, 1809)",1
"Leucothyreus MacLeay, 1819",1
"Ghilianella pachitea McAtee & Malloch, 1925",1
"Liebermannacris dorsualis (Giglio-Tos, 1898)",1
"Ghilianella mirabilis McAtee & Malloch, 1925",1
"Ghilianella atriclava Bergroth, 1911",1
"Geotrigona tellurica Camargo & Moure, 1996",1
"Limnophila Macquart, 1834",1
"Fuminana ingula (DeLong & Freytag, 1969)",1
"Linoptes Gorham, 1884",1
"Lipogomphus Berg, 1879",1
"Lispinus attenuatus Erichson, 1840",1
"Fuminana Freytag, 1989",1
"Lissozodes basalis (White, 1855)",1
"Syntermes territus Emerson, 1924",1
"Aphrissa statira (Cramer, 1777)",1
"Fittkaulus Savage & Peters, 1978",1
"Longustitermes manni (Snyder, 1922)",1
"Aphrissa Butler, 1873",1
"Lonomia orientocordillera",1
"Syssphinx Hübner, 1819",1
"Acromyrmex Mayr, 1865",1
"Fanniidae",1
"Fannia chibcha Grisales, Wolff & Carvalho, 2012",1
"Falagonia Sharp, 1883",1
"Exora obsoleta Fabricius, 1801",1
"Evansolidia inflata Nielson, 2011",1
"Lutzomyia auraensis (Mangabeira, 1942)",1
"Acromyrmex coronatus (Fabricius, 1804)",1
"Evansolidia fletcheri Nielson, 2011",1
"Evansolidia bifurcata Nielson, 1988",1
"Lutzomyia saltuosa Young, 1979",1
"Eutheola",1
"Euselasia orfita (Cramer, 1777)",1
"Aphanogmus Thomson, 1858",1
"Lycoplateros Pic, 1922",1
"Euselasia hygenius (Stoll, 1787)",1
"Macraspis chrysis (Linnaeus, 1764)",1
"Macraspis melanaria (Blanchard, 1850)",1
"Euscelus spiniger Voss, 1925",1
"Eurytides callias (Rothschild & Jordan, 1906)",1
"Eurycoleus fofus Reichardt, 1976",1
"Eurycnemis Borgmeier, 1971",1
"Eurybia Oken, 1815",1
"Magneuptychia tricolor Hewitson, 1850",1
"Mania empedocles (Cramer, 1779)",1
"Xestocephalus fulvus DeLong, Wolda & Estribi, 1983",1
"Mapinguaritermes grandidens (Emerson, 1925)",1
"Tanypezidae",1
"Marpesia berania (Hewitson, 1852)",1
"Eurhopalothrix bolaui (Mayr, 1870)",1
"Eurema albula marginella",1
"Marpesia themistocles (Fabricius, 1793)",1
"Euptychia mollina Hübner, 1816",1
"Euplocania nukak Vinasco-Mondragón, González-Obando & García Aldrete, 2022",1
"Euplocania huitota Vinasco-Mondragón, González-Obando & García Aldrete, 2022",1
"Eupheno pallens (Laporte, 1833)",1
"Mechanitis Fabricius, 1807",1
"Mechanitis lysimnia (Fabricius, 1793)",1
"Taphrosoma dohrni Kirsch, 1866",1
"Mechanitis mazaeus fallax Butler, 1873",1
