"species","family","rec_gbif"
"Coragyps atratus","Cathartidae",2153
"Cacicus cela","Icteridae",1965
"Tyrannus melancholicus","Tyrannidae",1897
"Thraupis episcopus","Thraupidae",1893
"Psarocolius angustifrons","Icteridae",1886
"Ramphocelus carbo","Thraupidae",1872
"Brotogeris versicolurus","Psittacidae",1553
"Pitangus sulphuratus","Tyrannidae",1405
"Crotophaga ani","Cuculidae",1365
"Rupornis magnirostris","Accipitridae",1337
"Milvago chimachima","Falconidae",1329
"Thraupis palmarum","Thraupidae",1256
"Monasa nigrifrons","Bucconidae",1122
"Cathartes aura","Cathartidae",1079
"Chionomesa fimbriata","Trochilidae",978
"Turdus ignobilis","Turdidae",968
"Ardea alba","Ardeidae",952
"Crotophaga major","Cuculidae",926
"Sporophila castaneiventris","Thraupidae",905
"Troglodytes aedon","Troglodytidae",903
"Jacana jacana","Jacanidae",901
"Myiozetetes similis","Tyrannidae",896
"Megaceryle torquata","Alcedinidae",877
"Graydidascalus brachyurus","Psittacidae",876
"Phaetusa simplex","Laridae",867
"Capito aurovirens","Capitonidae",852
"Tachornis squamata","Apodidae",836
"Patagioenas cayennensis","Columbidae",835
"Ammodramus aurifrons","Emberizidae",769
"Crypturellus undulatus","Tinamidae",766
"Melanerpes cruentatus","Picidae",765
"Aratinga weddellii","Psittacidae",755
"Butorides striata","Ardeidae",747
"Tyrannulus elatus","Tyrannidae",721
"Paroaria gularis","Thraupidae",672
"Megarynchus pitangua","Tyrannidae",649
"Columbina talpacoti","Columbidae",638
"Todirostrum maculatum","Tyrannidae",624
"Trogon viridis","Trogonidae",621
"Pteroglossus castanotis","Ramphastidae",620
"Campylorhynchus turdinus","Troglodytidae",607
"Busarellus nigricollis","Accipitridae",603
"Capito auratus","Capitonidae",603
"Thamnophilus doliatus","Thamnophilidae",594
"Aratinga leucophthalma","Psittacidae",579
"Anhima cornuta","Anhimidae",573
"Tangara mexicana","Thraupidae",572
"Xiphorhynchus picus","Furnariidae",567
"Ramphastos tucanus","Ramphastidae",563
"Tityra cayana","Cotingidae",541
"Leptotila rufaxilla","Columbidae",539
"Ortalis guttata","Cracidae",538
"Donacobius atricapilla","Donacobiidae",529
"Pionus menstruus","Psittacidae",510
"Chaetura brachyura","Apodidae",509
"Ara severus","Psittacidae",499
"Phalacrocorax brasilianus","Phalacrocoracidae",495
"Ictinia plumbea","Accipitridae",493
"Tachycineta albiventer","Hirundinidae",489
"Brotogeris sanctithomae","Psittacidae",483
"Piaya cayana","Cuculidae",477
"Stelgidopteryx ruficollis","Hirundinidae",469
"Chloroceryle amazona","Alcedinidae",469
"Amazona festiva","Psittacidae",461
"Patagioenas plumbea","Columbidae",454
"Sternula superciliaris","Laridae",448
"Cathartes melambrotus","Cathartidae",439
"Saltator coerulescens","Cardinalidae",436
"Campephilus melanoleucos","Picidae",434
"Chrysomus icterocephalus","Icteridae",407
"Pheugopedius coraya","Troglodytidae",403
"Ara macao","Psittacidae",401
"Cantorchilus leucotis","Troglodytidae",399
"Celeus flavus","Picidae",394
"Daptrius ater","Falconidae",389
"Xiphorhynchus guttatus","Furnariidae",386
"Pitangus lictor","Tyrannidae",386
"Volatinia jacarina","Thraupidae",376
"Colaptes punctigula","Picidae",375
"Gymnoderus foetidus","Cotingidae",374
"Megascops choliba","Strigidae",369
"Lepidothrix coronata","Pipridae",368
"Ramphocelus nigrogularis","Thraupidae",363
"Columba livia","Columbidae",359
"Pachyramphus polychopterus","Cotingidae",354
"Orthopsittaca manilata","Psittacidae",350
"Thlypopsis sordida","Thraupidae",345
"Dryocopus lineatus","Picidae",341
"Herpetotheres cachinnans","Falconidae",341
"Glyphorynchus spirurus","Furnariidae",338
"Myiodynastes maculatus","Tyrannidae",335
"Ardea cocoi","Ardeidae",333
"Amazona farinosa","Psittacidae",330
"Patagioenas subvinacea","Columbidae",328
"Nasica longirostris","Furnariidae",326
"Glaucidium brasilianum","Strigidae",325
"Ibycter americanus","Falconidae",322
"Euphonia laniirostris","Fringillidae",320
"Pipra erythrocephala","Pipridae",316
"Oryzoborus angolensis","Thraupidae",314
"Celeus elegans","Picidae",309
"Attila spadiceus","Tyrannidae",306
"Pandion haliaetus","Pandionidae",303
"Vireo olivaceus","Vireonidae",300
"Phaeomyias murina","Tyrannidae",296
"Nemosia pileata","Thraupidae",296
"Buteogallus urubitinga","Accipitridae",293
"Crypturellus cinereus","Tinamidae",290
"Galbalcyrhynchus leucotis","Galbulidae",289
"Ara ararauna","Psittacidae",284
"Progne elegans","Hirundinidae",284
"Euphonia minuta","Fringillidae",282
"Anthracothorax nigricollis","Trochilidae",281
"Myrmotherula brachyura","Thamnophilidae",281
"Trogon melanurus","Trogonidae",279
"Icterus icterus","Icteridae",278
"Pteroglossus pluricinctus","Ramphastidae",277
"Tyrannus savana","Tyrannidae",277
"Myiarchus ferox","Tyrannidae",276
"Mesembrinibis cayennensis","Threskiornithidae",272
"Egretta thula","Ardeidae",272
"Bubulcus ibis","Ardeidae",270
"Querula purpurata","Cotingidae",269
"Sporophila murallae","Thraupidae",267
"Chloroceryle americana","Alcedinidae",261
"Ramphastos vitellinus","Ramphastidae",259
"Leucopternis schistaceus","Accipitridae",252
"Thamnophilus murinus","Thamnophilidae",250
"Phaethornis hispidus","Trochilidae",247
"Molothrus oryzivorus","Icteridae",244
"Porphyrio martinica","Rallidae",244
"Mionectes oleagineus","Tyrannidae",238
"Nyctidromus albicollis","Caprimulgidae",235
"Tyrannus albogularis","Tyrannidae",234
"Lipaugus vociferans","Cotingidae",231
"Gymnomystax mexicanus","Icteridae",231
"Pyrrhura melanura","Psittacidae",231
"Talaphorus chlorocercus","Trochilidae",229
"Legatus leucophaius","Tyrannidae",229
"Cathartes burrovianus","Cathartidae",225
"Myrmeciza melanoceps","Thamnophilidae",221
"Microcerculus marginatus","Troglodytidae",218
"Dendrocincla fuliginosa","Furnariidae",216
"Thalurania furcata","Trochilidae",216
"Tigrisoma lineatum","Ardeidae",216
"Pionites melanocephalus","Psittacidae",215
"Cacicus solitarius","Icteridae",209
"Euphonia chlorotica","Fringillidae",209
"Arundinicola leucocephala","Tyrannidae",209
"Poecilotriccus latirostris","Tyrannidae",208
"Progne tapera","Hirundinidae",208
"Cephalopterus ornatus","Cotingidae",207
"Zimmerius gracilipes","Tyrannidae",207
"Cyanerpes caeruleus","Thraupidae",200
"Progne chalybea","Hirundinidae",199
"Dacnis flaviventer","Thraupidae",199
"Furnarius minor","Furnariidae",199
"Celeus grammicus","Picidae",196
"Glaucis hirsutus","Trochilidae",195
"Chloroceryle inda","Alcedinidae",194
"Saltator maximus","Cardinalidae",193
"Cotinga maynana","Cotingidae",193
"Dendrexetastes rufigula","Furnariidae",192
"Myiozetetes granadensis","Tyrannidae",188
"Hypocnemis peruviana","Thamnophilidae",187
"Euphonia xanthogaster","Fringillidae",187
"Euphonia chrysopasta","Fringillidae",186
"Taraba major","Thamnophilidae",185
"Hirundo rustica","Hirundinidae",182
"Cercomacra cinerascens","Thamnophilidae",181
"Forpus xanthopterygius","Psittacidae",180
"Veniliornis passerinus","Picidae",179
"Anhinga anhinga","Anhingidae",178
"Attila bolivianus","Tyrannidae",177
"Opisthocomus hoazin","Opisthocomidae",175
"Tangara chilensis","Thraupidae",175
"Psarocolius decumanus","Icteridae",175
"Cairina moschata","Anatidae",175
"Camptostoma obsoletum","Tyrannidae",174
"Phaethornis bourcieri","Trochilidae",171
"Myiarchus tuberculifer","Tyrannidae",170
"Schiffornis major","Cotingidae",170
"Sporophila lineola","Thraupidae",167
"Falco rufigularis","Falconidae",166
"Bucco tamatia","Bucconidae",165
"Nyctibius grandis","Nyctibiidae",159
"Nycticorax nycticorax","Ardeidae",158
"Rostrhamus sociabilis","Accipitridae",156
"Euphonia rufiventris","Fringillidae",155
"Hypocnemis hypoxantha","Thamnophilidae",155
"Pteroglossus inscriptus","Ramphastidae",152
"Heliornis fulica","Heliornithidae",148
"Chloroceryle aenea","Alcedinidae",148
"Phaethornis ruber","Trochilidae",146
"Tapera naevia","Cuculidae",142
"Tyranneutes stolzmanni","Pipridae",141
"Florisuga mellivora","Trochilidae",141
"Todirostrum chrysocrotaphum","Tyrannidae",141
"Charadrius collaris","Charadriidae",140
"Rynchops niger","Laridae",137
"Ochthornis littoralis","Tyrannidae",137
"Phaethornis malaris","Trochilidae",136
"Pilherodius pileatus","Ardeidae",136
"Piaya minuta","Cuculidae",136
"Brotogeris cyanoptera","Psittacidae",135
"Tyrannopsis sulphurea","Tyrannidae",134
"Cissopis leverianus","Thraupidae",134
"Tityra semifasciata","Cotingidae",134
"Leptotila verreauxi","Columbidae",133
"Trogon collaris","Trogonidae",131
"Pyrocephalus rubinus","Tyrannidae",128
"Vanellus chilensis","Charadriidae",126
"Sicalis flaveola","Thraupidae",125
"Actitis macularius","Scolopacidae",125
"Molothrus bonariensis","Icteridae",125
"Leptodon cayanensis","Accipitridae",122
"Myrmoborus myotherinus","Thamnophilidae",120
"Tolmomyias poliocephalus","Tyrannidae",118
"Penelope jacquacu","Cracidae",117
"Coccyzus melacoryphus","Cuculidae",117
"Tityra inquisitor","Cotingidae",116
"Cyanocorax violaceus","Corvidae",115
"Amazona amazonica","Psittacidae",114
"Elanoides forficatus","Accipitridae",114
"Schistocichla leucostigma","Thamnophilidae",112
"Synallaxis albigularis","Furnariidae",112
"Certhiaxis mustelinus","Furnariidae",111
"Tinamus major","Tinamidae",111
"Xiphorhynchus obsoletus","Furnariidae",110
"Thamnophilus cryptoleucus","Thamnophilidae",108
"Picumnus castelnau","Picidae",108
"Attila cinnamomeus","Tyrannidae",107
"Galbula albirostris","Galbulidae",105
"Chiroxiphia pareola","Pipridae",104
"Myrmotherula axillaris","Thamnophilidae",104
"Crypturellus soui","Tinamidae",102
"Willisornis poecilinotus","Thamnophilidae",101
"Tinamus guttatus","Tinamidae",100
"Tangara schrankii","Thraupidae",100
"Sturnella militaris","Icteridae",99
"Pionopsitta barrabandi","Psittacidae",98
"Turdus hauxwelli","Turdidae",98
"Cnipodectes subbrunneus","Tyrannidae",97
"Myiozetetes luteiventris","Tyrannidae",97
"Myrmeciza fortis","Thamnophilidae",97
"Helicolestes hamatus","Accipitridae",95
"Percnostola rufifrons","Thamnophilidae",95
"Megascops watsonii","Strigidae",94
"Attila citriniventris","Tyrannidae",94
"Turdus sanchezorum","Turdidae",93
"Hoploxypterus cayanus","Charadriidae",92
"Tringa solitaria","Scolopacidae",92
"Galbula dea","Galbulidae",92
"Cymbilaimus lineatus","Thamnophilidae",91
"Gymnopithys leucaspis","Thamnophilidae",91
"Pachyramphus castaneus","Cotingidae",90
"Crypturellus variegatus","Tinamidae",89
"Liosceles thoracicus","Rhinocryptidae",89
"Sporophila bouvronides","Thraupidae",88
"Furnarius leucopus","Furnariidae",88
"Sakesphorus canadensis","Thamnophilidae",87
"Eurypyga helias","Eurypygidae",86
"Icterus cayanensis","Icteridae",86
"Elaenia parvirostris","Tyrannidae",86
"Lophotriccus vitiosus","Tyrannidae",86
"Trogon ramonianus","Trogonidae",86
"Galbula tombacea","Galbulidae",85
"Riparia riparia","Hirundinidae",85
"Sclateria naevia","Thamnophilidae",84
"Progne subis","Hirundinidae",84
"Chaetura cinereiventris","Apodidae",83
"Myrmotherula assimilis","Thamnophilidae",83
"Xiphorhynchus elegans","Furnariidae",83
"Atticora fasciata","Hirundinidae",83
"Geranospiza caerulescens","Accipitridae",82
"Dendrocolaptes picumnus","Furnariidae",82
"Dendrocolaptes certhia","Furnariidae",81
"Trogon curucui","Trogonidae",80
"Synallaxis gujanensis","Furnariidae",80
"Selenidera reinwardtii","Ramphastidae",79
"Egretta caerulea","Ardeidae",79
"Myrmochanes hemileucus","Thamnophilidae",79
"Schistocichla schistacea","Thamnophilidae",78
"Thamnophilus schistaceus","Thamnophilidae",77
"Isleria hauxwelli","Thamnophilidae",77
"Phlegopsis nigromaculata","Thamnophilidae",75
"Ocyalus latirostris","Icteridae",75
"Threnetes leucurus","Trochilidae",75
"Thamnomanes caesius","Thamnophilidae",75
"Tolmomyias flaviventris","Tyrannidae",74
"Amazona ochrocephala","Psittacidae",74
"Nyctibius griseus","Nyctibiidae",74
"Chelidoptera tenebrosa","Bucconidae",74
"Chlorestes notata","Trochilidae",74
"Pulsatrix perspicillata","Strigidae",73
"Chlorostilbon mellisugus","Trochilidae",73
"Xiphorhynchus ocellatus","Furnariidae",73
"Myiozetetes cayanensis","Tyrannidae",73
"Manacus manacus","Pipridae",72
"Cotinga cayana","Cotingidae",72
"Buteo albonotatus","Accipitridae",72
"Campephilus rubricollis","Picidae",71
"Thamnomanes ardesiacus","Thamnophilidae",71
"Myrmoborus lugubris","Thamnophilidae",71
"Lampropsar tanagrinus","Icteridae",70
"Aramus guarauna","Aramidae",70
"Empidonomus aurantioatrocristatus","Tyrannidae",70
"Eucometis penicillata","Thraupidae",69
"Aburria cumanensis","Cracidae",69
"Saltator grossus","Cardinalidae",66
"Campylopterus largipennis","Trochilidae",66
"Psarocolius bifasciatus","Icteridae",66
"Monasa morphoeus","Bucconidae",66
"Tangara velia","Thraupidae",65
"Pipra filicauda","Pipridae",63
"Dendrocygna autumnalis","Anatidae",63
"Tachyphonus surinamus","Thraupidae",62
"Pachyramphus marginatus","Cotingidae",62
"Chordeiles rupestris","Caprimulgidae",62
"Dacnis cayana","Thraupidae",61
"Cnemotriccus fuscatus","Tyrannidae",60
"Veniliornis affinis","Picidae",60
"Phaethornis atrimentalis","Trochilidae",60
"Empidonomus varius","Tyrannidae",60
"Turdus albicollis","Turdidae",60
"Myrmothera campanisona","Grallariidae",60
"Geotrygon montana","Columbidae",59
"Pteroglossus azara","Ramphastidae",59
"Trogon rufus","Trogonidae",58
"Momotus momota","Momotidae",58
"Piculus flavigula","Picidae",58
"Aramides cajanea","Rallidae",57
"Hydropsalis climacocerca","Caprimulgidae",56
"Sarcoramphus papa","Cathartidae",56
"Myiopagis gaimardii","Tyrannidae",56
"Panyptila cayennensis","Apodidae",55
"Ornithion inerme","Tyrannidae",54
"Buteo nitidus","Accipitridae",54
"Myrmotherula menetriesii","Thamnophilidae",52
"Furnarius torridus","Furnariidae",52
"Laterallus exilis","Rallidae",51
"Phoenicircus nigricollis","Cotingidae",51
"Chondrohierax uncinatus","Accipitridae",51
"Turdus lawrencii","Turdidae",51
"Harpagus bidentatus","Accipitridae",50
"Myrmotherula multostriata","Thamnophilidae",49
"Thamnophilus amazonicus","Thamnophilidae",48
"Cyphorhinus arada","Troglodytidae",47
"Sittasomus griseicapillus","Furnariidae",47
"Chrysuronia oenone","Trochilidae",47
"Pachyramphus minor","Cotingidae",47
"Laniocera hypopyrra","Cotingidae",46
"Rhytipterna simplex","Tyrannidae",46
"Corythopis torquatus","Tyrannidae",45
"Forpus modestus","Psittacidae",45
"Chlorophanes spiza","Thraupidae",44
"Porphyrio flavirostris","Rallidae",44
"Nothocrax urumutum","Cracidae",43
"Calidris melanotos","Scolopacidae",43
"Serpophaga hypoleuca","Tyrannidae",42
"Terenotriccus erythrurus","Tyrannidae",42
"Psophia crepitans","Psophiidae",42
"Tachyphonus cristatus","Thraupidae",42
"Myrmeciza hyperythra","Thamnophilidae",41
"Pithys albifrons","Thamnophilidae",41
"Knipolegus poecilocercus","Tyrannidae",41
"Caracara plancus","Falconidae",40
"Berlepschia rikeri","Furnariidae",39
"Pharomachrus pavoninus","Trogonidae",38
"Schiffornis turdina","Cotingidae",38
"Metopothrix aurantiaca","Furnariidae",38
"Myiornis ecaudatus","Tyrannidae",38
"Mycteria americana","Ciconiidae",37
"Eubucco richardsoni","Capitonidae",37
"Cochlearius cochlearius","Ardeidae",37
"Hylophylax naevius","Thamnophilidae",37
"Conopophaga aurita","Conopophagidae",37
"Megastictus margaritatus","Thamnophilidae",37
"Pygiptila stellaris","Thamnophilidae",37
"Bucco macrodactylus","Bucconidae",37
"Psarocolius viridis","Icteridae",36
"Xiphocolaptes promeropirhynchus","Furnariidae",36
"Lepidocolaptes duidae","Furnariidae",36
"Certhiaxis cinnamomeus","Furnariidae",36
"Ara chloropterus","Psittacidae",35
"Bucco capensis","Bucconidae",35
"Buteo brachyurus","Accipitridae",35
"Athene cunicularia","Strigidae",35
"Formicarius colma","Formicariidae",34
"Dendroplex kienerii","Furnariidae",34
"Conopias albovittatus","Tyrannidae",33
"Formicarius analis","Formicariidae",33
"Machaeropterus striolatus","Pipridae",33
"Rhynchocyclus olivaceus","Tyrannidae",33
"Odontophorus gujanensis","Odontophoridae",33
"Cyanerpes cyaneus","Thraupidae",33
"Dendrocincla merula","Furnariidae",33
"Petrochelidon pyrrhonota","Hirundinidae",33
"Dromococcyx phasianellus","Cuculidae",32
"Iodopleura isabellae","Cotingidae",32
"Myrmoborus melanurus","Thamnophilidae",32
"Hylophilus hypoxanthus","Vireonidae",31
"Streptoprocne zonaris","Apodidae",31
"Piaya melanogaster","Cuculidae",31
"Elaenia spectabilis","Tyrannidae",30
"Cyanerpes nitidus","Thraupidae",30
"Hemithraupis flavicollis","Thraupidae",30
"Chrysuronia versicolor","Trochilidae",30
"Crax globulosa","Cracidae",30
NULL,"Falconidae",29
"Lanio fulvus","Thraupidae",29
NULL,"Thamnophilidae",28
"Heliothryx auritus","Trochilidae",28
"Ramphotrigon ruficauda","Tyrannidae",28
"Pipra pipra","Pipridae",27
"Hylophilus semicinereus","Vireonidae",27
"Hemithraupis guira","Thraupidae",27
"Myiopagis flavivertex","Tyrannidae",27
"Spizaetus tyrannus","Accipitridae",26
"Agamia agami","Ardeidae",26
"Porphyrolaema porphyrolaema","Cotingidae",26
"Monasa flavirostris","Bucconidae",26
"Herpsilochmus dorsimaculatus","Thamnophilidae",26
"Jacamerops aureus","Galbulidae",26
"Dichrozona cincta","Thamnophilidae",26
"Setophaga petechia","Parulidae",26
"Myrmotherula ignota","Thamnophilidae",26
"Philydor pyrrhodes","Furnariidae",25
"Xenops minutus","Furnariidae",25
"Sclerurus caudacutus","Furnariidae",25
"Celeus torquatus","Picidae",25
"Loriotus luctuosus","Thraupidae",25
"Elaenia flavogaster","Tyrannidae",25
"Notiochelidon cyanoleuca","Hirundinidae",25
"Myrmotherula longipennis","Thamnophilidae",24
"Contopus virens","Tyrannidae",24
"Knipolegus orenocensis","Tyrannidae",24
"Automolus infuscatus","Furnariidae",24
"Nyctibius aethereus","Nyctibiidae",24
"Grallaria dignissima","Grallariidae",23
"Henicorhina leucosticta","Troglodytidae",23
"Neopelma chrysocephalum","Pipridae",23
"Coereba flaveola","Coerebidae",23
"Touit purpuratus","Psittacidae",23
"Chordeiles nacunda","Caprimulgidae",23
"Cercomacra serva","Thamnophilidae",23
"Heliodoxa aurescens","Trochilidae",22
"Hylophilus thoracicus","Vireonidae",22
"Leucopternis melanops","Accipitridae",22
"Malacoptila fusca","Bucconidae",22
"Myiarchus swainsoni","Tyrannidae",22
"Onychorhynchus coronatus","Tyrannidae",22
"Tolmomyias assimilis","Tyrannidae",22
NULL,NULL,21
"Hypocnemoides maculicauda","Thamnophilidae",21
"Tangara callophrys","Thraupidae",21
"Baryphthengus martii","Momotidae",21
"Piprites chloris","Cotingidae",21
"Notharchus hyperrhynchus","Bucconidae",21
"Tringa flavipes","Scolopacidae",21
"Notharchus tectus","Bucconidae",21
"Xenops milleri","Furnariidae",20
"Zonotrichia capensis","Emberizidae",20
"Hemitriccus zosterops","Tyrannidae",20
"Cercomacra nigrescens","Thamnophilidae",20
"Tyrannus tyrannus","Tyrannidae",20
"Platyrinchus coronatus","Tyrannidae",20
"Tersina viridis","Thraupidae",19
"Philydor erythropterum","Furnariidae",19
"Chordeiles minor","Caprimulgidae",19
"Heliomaster longirostris","Trochilidae",19
"Strix huhula","Strigidae",19
"Falco peregrinus","Falconidae",19
"Hypocnemoides melanopogon","Thamnophilidae",19
"Nyctipolus nigrescens","Caprimulgidae",18
"Synallaxis propinqua","Furnariidae",18
"Habia rubica","Cardinalidae",18
"Heliodoxa schreibersii","Trochilidae",18
"Thamnophilus aethiops","Thamnophilidae",18
"Coccyzus cinereus","Cuculidae",18
"Automolus ochrolaemus","Furnariidae",18
"Cyanoloxia rothschildii","Cardinalidae",18
"Tolmomyias sulphurescens","Tyrannidae",18
"Dacnis lineata","Thraupidae",17
"Sporophila caerulescens","Thraupidae",17
"Cranioleuca gutturata","Furnariidae",17
"Micrastur semitorquatus","Falconidae",17
"Conirostrum margaritae","Thraupidae",17
"Piculus chrysochloros","Picidae",17
"Phlegopsis erythroptera","Thamnophilidae",17
"Cacicus haemorrhous","Icteridae",17
"Lurocalis semitorquatus","Caprimulgidae",16
"Setophaga striata","Parulidae",16
"Vireo leucophrys","Vireonidae",16
"Myiopagis caniceps","Tyrannidae",16
"Catharus ustulatus","Turdidae",16
"Philydor ruficaudatum","Furnariidae",16
"Sporophila nigricollis","Thraupidae",16
"Herpsilochmus dugandi","Thamnophilidae",15
"Columbina minuta","Columbidae",15
"Chlorestes cyanus","Trochilidae",15
"Topaza pyra","Trochilidae",15
"Myiodynastes luteiventris","Tyrannidae",15
NULL,"Furnariidae",14
"Deconychura longicauda","Furnariidae",14
"Chamaeza nobilis","Formicariidae",14
"Chlorostilbon olivaresi","Trochilidae",14
"Polytmus theresiae","Trochilidae",14
"Hyloctistes subulatus","Furnariidae",14
"Cranioleuca vulpina","Furnariidae",14
"Gampsonyx swainsonii","Accipitridae",14
"Lophotriccus galeatus","Tyrannidae",14
"Zenaida auriculata","Columbidae",14
"Conirostrum bicolor","Thraupidae",14
"Hylophylax punctulatus","Thamnophilidae",14
"Synallaxis albescens","Furnariidae",14
"Lophostrix cristata","Strigidae",14
"Anurolimnas fasciatus","Rallidae",13
"Accipiter superciliosus","Accipitridae",13
"Nonnula rubecula","Bucconidae",13
"Spizaetus melanoleucus","Accipitridae",13
"Pachyramphus rufus","Cotingidae",13
"Claravis pretiosa","Columbidae",13
"Muscisaxicola fluviatilis","Tyrannidae",13
"Psarocolius oseryi","Icteridae",13
"Patagioenas speciosa","Columbidae",13
"Platalea ajaja","Threskiornithidae",13
"Picumnus lafresnayi","Picidae",12
"Columbina passerina","Columbidae",12
"Tangara gyrola","Thraupidae",12
"Cranioleuca vulpecula","Furnariidae",12
"Mitu tuberosum","Cracidae",12
"Hylophilus ochraceiceps","Vireonidae",12
"Micrastur gilvicollis","Falconidae",12
"Galbula leucogastra","Galbulidae",12
"Myrmeciza atrothorax","Thamnophilidae",12
"Lathrotriccus euleri","Tyrannidae",12
"Cyclarhis gujanensis","Vireonidae",12
"Dacnis albiventris","Thraupidae",12
"Ancistrops strigilatus","Furnariidae",11
"Coccyzus americanus","Cuculidae",11
"Neochelidon tibialis","Hirundinidae",11
"Piranga olivacea","Cardinalidae",11
"Piranga rubra","Cardinalidae",11
"Tolmomyias traylori","Tyrannidae",10
"Deconychura stictolaema","Furnariidae",10
"Sirystes albocinereus","Tyrannidae",10
"Hypocnemis flavescens","Thamnophilidae",10
"Tachyphonus phoenicius","Thraupidae",10
"Stilpnia cayana","Thraupidae",10
"Stigmatura napensis","Tyrannidae",10
"Epinecrophylla erythrura","Thamnophilidae",10
"Empidonax alnorum","Tyrannidae",10
"Campylorhamphus procurvoides","Furnariidae",10
"Vireo flavoviridis","Vireonidae",9
"Geotrygon saphirina","Columbidae",9
"Atticora melanoleuca","Hirundinidae",9
"Laterallus melanophaius","Rallidae",9
"Microbates collaris","Polioptilidae",9
"Elaenia cristata","Tyrannidae",9
"Spizaetus ornatus","Accipitridae",9
"Frederickena fulva","Thamnophilidae",9
"Strix virgata","Strigidae",9
"Ramphocaenus melanurus","Polioptilidae",9
"Myrmoborus leucophrys","Thamnophilidae",9
"Tryngites subruficollis","Scolopacidae",9
"Contopus cooperi","Tyrannidae",9
"Scytalopus unicolor","Rhinocryptidae",8
"Calidris minutilla","Scolopacidae",8
"Polioptila plumbea","Polioptilidae",8
"Atlapetes rufinucha","Emberizidae",8
"Myiotheretes striaticollis","Tyrannidae",8
"Ochthoeca rufipectoralis","Tyrannidae",8
"Tringa melanoleuca","Scolopacidae",8
"Hemitriccus granadensis","Tyrannidae",8
"Progne modesta","Hirundinidae",8
"Capsiempis flaveola","Tyrannidae",8
"Mecocerculus leucophrys","Tyrannidae",8
"Urothraupis stolzmanni","Thraupidae",8
"Ictinia mississippiensis","Accipitridae",8
"Grallaria rufula","Grallariidae",8
"Pseudotriccus ruficeps","Tyrannidae",8
"Geranoaetus melanoleucus","Accipitridae",8
"Diglossa cyanea","Thraupidae",8
"Galbula chalcothorax","Galbulidae",7
"Myiobius barbatus","Tyrannidae",7
"Mitu tomentosum","Cracidae",7
"Machetornis rixosa","Tyrannidae",7
"Phaethornis superciliosus","Trochilidae",7
"Pluvialis dominica","Charadriidae",7
"Geothlypis aequinoctialis","Parulidae",7
"Rhegmatorhina melanosticta","Thamnophilidae",7
"Rupicola rupicola","Cotingidae",7
"Schistochlamys melanopis","Thraupidae",7
"Crypturellus bartletti","Tinamidae",7
"Sublegatus obscurior","Tyrannidae",7
"Conirostrum speciosum","Thraupidae",7
"Catharus minimus","Turdidae",7
"Accipiter poliogaster","Accipitridae",7
NULL,"Trochilidae",7
"Neoctantes niger","Thamnophilidae",7
"Myiothlypis fulvicauda","Parulidae",6
"Platyrinchus platyrhynchos","Tyrannidae",6
"Sporophila minuta","Thraupidae",6
"Iridosornis rufivertex","Thraupidae",6
"Myiothlypis coronata","Parulidae",6
"Chordeiles pusillus","Caprimulgidae",6
"Myioborus ornatus","Parulidae",6
"Diglossa lafresnayii","Thraupidae",6
"Turdus serranus","Turdidae",6
"Tangara vassorii","Thraupidae",6
"Calliphlox amethystina","Trochilidae",6
"Neopipo cinnamomea","Tyrannidae",6
"Turdus fuscater","Turdidae",6
"Dubusia taeniata","Thraupidae",6
"Neomorphus pucheranii","Cuculidae",6
NULL,"Tyrannidae",6
"Tangara nigrocincta","Thraupidae",6
"Thraupis cyanocephala","Thraupidae",6
"Nomonyx dominicus","Anatidae",6
"Todirostrum cinereum","Tyrannidae",6
"Epinecrophylla haematonota","Thamnophilidae",6
"Capito niger","Capitonidae",6
"Ampelion rubrocristatus","Cotingidae",6
"Conirostrum sitticolor","Thraupidae",6
"Anisognathus igniventris","Thraupidae",6
"Formicivora grisea","Thamnophilidae",6
"Buthraupis eximia","Thraupidae",6
"Anisognathus lacrymosus","Thraupidae",6
"Micrastur ruficollis","Falconidae",6
"Pseudoscops clamator","Strigidae",6
"Tangara xanthogastra","Thraupidae",5
"Tigrisoma fasciatum","Ardeidae",5
NULL,"Picidae",5
"Sclerurus mexicanus","Furnariidae",5
"Eudocimus ruber","Threskiornithidae",5
"Elaenia ruficeps","Tyrannidae",5
"Elaenia strepera","Tyrannidae",5
"Zebrilus undulatus","Ardeidae",5
"Xenops tenuirostris","Furnariidae",5
"Elaenia chiriquensis","Tyrannidae",5
"Nyctiprogne leucopyga","Caprimulgidae",5
"Bartramia longicauda","Scolopacidae",5
"Heterocercus aurantiivertex","Pipridae",5
"Buteo platypterus","Accipitridae",5
"Buteo swainsoni","Accipitridae",5
"Mitu salvini","Cracidae",5
"Accipiter bicolor","Accipitridae",5
"Catharus fuscescens","Turdidae",5
NULL,"Psittacidae",5
"Colonia colonus","Tyrannidae",5
"Cercomacra tyrannina","Thamnophilidae",5
"Terenura spodioptila","Thamnophilidae",4
"Falco sparverius","Falconidae",4
"Calidris himantopus","Scolopacidae",4
"Notharchus ordii","Bucconidae",4
"Dolichonyx oryzivorus","Icteridae",4
NULL,"Icteridae",4
"Leptopogon amaurocephalus","Tyrannidae",4
"Micrastur mirandollei","Falconidae",4
"Phimosus infuscatus","Threskiornithidae",4
"Thamnophilus nigrocinereus","Thamnophilidae",4
"Inezia subflava","Tyrannidae",4
"Harpia harpyja","Accipitridae",4
"Elaenia frantzii","Tyrannidae",4
"Neocrex erythrops","Rallidae",4
"Calidris fuscicollis","Scolopacidae",4
"Synallaxis rutilans","Furnariidae",4
"Hylocharis sapphirina","Trochilidae",4
"Coeligena torquata","Trochilidae",3
"Eriocnemis vestita","Trochilidae",3
"Deroptyus accipitrinus","Psittacidae",3
"Setophaga ruticilla","Parulidae",3
"Cyanocompsa cyanoides","Cardinalidae",3
"Heterocercus flavivertex","Pipridae",3
NULL,"Trogonidae",3
"Hylopezus macularius","Grallariidae",3
"Tachyphonus rufus","Thraupidae",3
"Picumnus pumilus","Picidae",3
"Philydor erythrocercum","Furnariidae",3
"Caryothraustes canadensis","Cardinalidae",3
"Metallura tyrianthina","Trochilidae",3
"Patagioenas fasciata","Columbidae",3
"Micromonacha lanceolata","Bucconidae",3
"Calidris alba","Scolopacidae",3
"Brachygalba lugubris","Galbulidae",3
"Boissonneaua flavescens","Trochilidae",3
"Morphnus guianensis","Accipitridae",3
"Myiarchus cephalotes","Tyrannidae",3
"Aulacorhynchus prasinus","Ramphastidae",3
"Myrmotherula ambigua","Thamnophilidae",3
NULL,"Accipitridae",3
NULL,"Strigidae",3
"Eriocnemis mosquera","Trochilidae",3
"Elanus leucurus","Accipitridae",3
"Leucopternis albicollis","Accipitridae",2
NULL,"Turdidae",2
"Machaeropterus regulus","Pipridae",2
"Sclerurus obscurior","Furnariidae",2
"Pionopsitta pyrilia","Psittacidae",2
"Hylophilus flavipes","Vireonidae",2
"Hylophilus brunneiceps","Vireonidae",2
NULL,"Pipridae",2
"Schizoeaca fuliginosa","Furnariidae",2
"Microrhopias quixensis","Thamnophilidae",2
"Cotinga cotinga","Cotingidae",2
"Himantopus mexicanus","Recurvirostridae",2
"Buteo albicaudatus","Accipitridae",2
"Turdus leucomelas","Turdidae",2
"Burhinus bistriatus","Burhinidae",2
"Doryfera johannae","Trochilidae",2
"Oressochen jubatus","Anatidae",2
NULL,"Thraupidae",2
"Aulacorhynchus haematopygus","Ramphastidae",2
"Crax alector","Cracidae",2
"Hemitriccus margaritaceiventer","Tyrannidae",2
"Habia fuscicauda","Cardinalidae",2
"Aratinga pertinax","Psittacidae",2
"Gallus gallus","Phasianidae",2
"Notharchus macrorhynchos","Bucconidae",2
"Elaenia pelzelni","Tyrannidae",2
NULL,"Cardinalidae",2
NULL,"Cotingidae",2
"Ramphotrigon fuscicauda","Tyrannidae",2
"Jabiru mycteria","Ciconiidae",2
"Colaptes rubiginosus","Picidae",2
"Tinamus tao","Tinamidae",2
"Chaetura pelagica","Apodidae",1
NULL,"Columbidae",1
"Chaetura meridionalis","Apodidae",1
"Porzana albicollis","Rallidae",1
"Brotogeris jugularis","Psittacidae",1
"Sayornis nigricans","Tyrannidae",1
"Epinecrophylla ornata","Thamnophilidae",1
"Momotus aequatorialis","Momotidae",1
"Porzana carolina","Rallidae",1
"Terenura callinota","Thamnophilidae",1
"Rhytipterna immunda","Tyrannidae",1
"Tyto alba","Tytonidae",1
NULL,"Formicariidae",1
"Chrysolampis mosquitus","Trochilidae",1
"Pharomachrus antisianus","Trogonidae",1
NULL,"Vireonidae",1
"Vireo altiloquus","Vireonidae",1
"Chlorornis riefferii","Thraupidae",1
NULL,"Tinamidae",1
"Chaetocercus mulsant","Trochilidae",1
"Arremon taciturnus","Emberizidae",1
"Ardea herodias","Ardeidae",1
"Leucophaeus atricilla","Laridae",1
"Theristicus caudatus","Threskiornithidae",1
"Glaucidium hardyi","Strigidae",1
"Numenius phaeopus","Scolopacidae",1
"Phaethornis longuemareus","Trochilidae",1
"Xipholena punicea","Cotingidae",1
"Picumnus squamulatus","Picidae",1
"Sclerurus rufigularis","Furnariidae",1
"Columbina squammata","Columbidae",1
"Leucophaeus pipixcan","Laridae",1
"Quiscalus mexicanus","Icteridae",1
"Tangara cayana","Thraupidae",1
"Micrastur buckleyi","Falconidae",1
"Saucerottia hoffmanni","Trochilidae",1
"Discosura langsdorffi","Trochilidae",1
"Sicalis luteola","Thraupidae",1
"Touit huetii","Psittacidae",1
"Calochaetes coccineus","Thraupidae",1
"Parkesia noveboracensis","Parulidae",1
"Parkerthraustes humeralis","Cardinalidae",1
"Tringa semipalmata","Scolopacidae",1
"Amazonetta brasiliensis","Anatidae",1
"Falco deiroleucus","Falconidae",1
"Tachyphonus luctuosus","Thraupidae",1
"Hydropsalis maculicaudus","Caprimulgidae",1
"Ramphocelus dimidiatus","Thraupidae",1
"Ixobrychus exilis","Ardeidae",1
"Butorides virescens","Ardeidae",1
"Trogon violaceus","Trogonidae",1
"Dendrocygna viduata","Anatidae",1
"Chamaeza campanisona","Formicariidae",1
"Buteogallus meridionalis","Accipitridae",1
"Sturnella magna","Icteridae",1
"Poecilotriccus sylvia","Tyrannidae",1
"Polytmus guainumbi","Trochilidae",1
